source_column_number,source_code,proposed_clean_name,base_question_code,question_order,section_order,section_title_en,component,option_code,option_label_ro,option_label_en,source_header_ro,response_format,measurement_level,storage_type,coded_value_semantics,missing_value_semantics,nonempty_all_attempts,nonempty_complete_responses,distinct_nonempty_values,current_article_use,measurement_or_reporting_limit,preliminary_release_class
1,id,source_response_id,,,,,administrative or platform field,,,,ID-ul raspunsului,administrative metadata,not a substantive survey measure,text,,blank = no stored value or item not reached; interpretation depends on completion status,289,212,289,,,remove from any release
2,submitdate,submitted_at,,,,,administrative or platform field,,,,Dată trimisă,administrative metadata,not a substantive survey measure,text,,blank = no stored value or item not reached; interpretation depends on completion status,212,212,212,,,remove or substantially generalise
3,lastpage,last_page,,,,,administrative or platform field,,,,Ultima pagina,administrative metadata,not a substantive survey measure,text,,blank = no stored value or item not reached; interpretation depends on completion status,279,212,21,,,exclude unless specifically justified
4,startlanguage,survey_language,,,,,administrative or platform field,,,,Limba de pornire,administrative metadata,not a substantive survey measure,text,,blank = no stored value or item not reached; interpretation depends on completion status,289,212,1,,,exclude unless specifically justified
5,seed,source_seed,,,,,administrative or platform field,,,,Seed,administrative metadata,not a substantive survey measure,text,,blank = no stored value or item not reached; interpretation depends on completion status,289,212,289,,,remove from any release
6,startdate,started_at,,,,,administrative or platform field,,,,Data începerii,administrative metadata,not a substantive survey measure,text,,blank = no stored value or item not reached; interpretation depends on completion status,289,212,289,,,remove or substantially generalise
7,datestamp,last_action_at,,,,,administrative or platform field,,,,Adaugă data ultimei acțiuni,administrative metadata,not a substantive survey measure,text,,blank = no stored value or item not reached; interpretation depends on completion status,289,212,289,,,remove or substantially generalise
8,ipaddr,ip_address,,,,,administrative or platform field,,,,Adresa IP,administrative metadata,not a substantive survey measure,text,,blank = no stored value or item not reached; interpretation depends on completion status,289,212,69,,,remove from any release
9,Q00,company_size_band,Q00,1,1,COMPANY PROFILE,single-choice structured response,,,,"Care este dimensiunea companiei dvs.? Context: Dimensiunea companiei poate influența capacitatea de adoptare a noilor tehnologii, cum ar fi AI. De obicei, întreprinderile mari dispun de resurse și echipe specializate, în timp ce întreprinderile mici pot obține îmbunătățiri rapide ale eficienței doar dacă depășesc limitările de resurse. Oportunități: Întreprinderile mari pot avea o flexibilitate bugetară mai mare pentru proiecte AI. Provocări: Întreprinderile mici pot întâmpina costuri relative mai mari, dar pot fi ceva mai agile în adoptarea AI.",single choice,ordinal categorical employee band,categorical code stored as text,AO04 = Micro-enterprise (1-9 employees) | AO05 = Small enterprise (10-49 employees) | AO06 = Medium-sized enterprise (50-249 employees) | AO07 = Large enterprise (250 or more employees),blank = no category recorded,273,211,4,Used as the analytical employee-band stratum,Not a verified full EU SME classification,public instrument documentation; no respondent values
10,G01Q02[SQ001],sector_manufacturing,G01Q02,2,1,COMPANY PROFILE,multiple-response option flag,SQ001,Producție,Manufacturing,"În ce domeniu activează compania dvs.? Context: Domeniul în care activează compania poate determina rate diferite de adoptare a AI. Unele sectoare (IT, finanțe, sănătate) adoptă, de obicei, ceva mai rapid soluțiile bazate pe AI, în timp ce altele (producție, agricultură) se confruntă cu bariere tehnice și logistice. Oportunități: Domeniile cu acces la date și procese digitale pot beneficia rapid de inovațiile AI. Provocări: Sectoarele cu reglementări stricte pot întâmpina rate mai scăzute de adoptare din cauza provocărilor legate de conformitate. Se pot alege mai multe răspunsuri: [Producție]",multiple-response checklist with selected-option comments,nominal multiple-response checklist,binary coded text,1 = selected; 0 = not selected; blank = no stored value,"for complete rows, 0 means not selected; blank requires case-flow review",272,212,2,Not used in the reported analysis,Potential quasi-identifier; comment fields not included in the reported analysis,public instrument documentation; no respondent values
11,G01Q02[SQ001comment],sector_manufacturing_comment,G01Q02,2,1,COMPANY PROFILE,free-text or comment field,,,,"În ce domeniu activează compania dvs.? Context: Domeniul în care activează compania poate determina rate diferite de adoptare a AI. Unele sectoare (IT, finanțe, sănătate) adoptă, de obicei, ceva mai rapid soluțiile bazate pe AI, în timp ce altele (producție, agricultură) se confruntă cu bariere tehnice și logistice. Oportunități: Domeniile cu acces la date și procese digitale pot beneficia rapid de inovațiile AI. Provocări: Sectoarele cu reglementări stricte pot întâmpina rate mai scăzute de adoptare din cauza provocărilor legate de conformitate. Se pot alege mai multe răspunsuri: [Producție][Comentariu]",multiple-response checklist with selected-option comments,nominal multiple-response checklist,UTF-8 text,,blank = no comment or open-text response recorded,50,41,42,Not used in the reported analysis,Potential quasi-identifier; comment fields not included in the reported analysis,"manual disclosure review, redaction, language identification and translation required"
12,G01Q02[SQ002],sector_retail_ecommerce,G01Q02,2,1,COMPANY PROFILE,multiple-response option flag,SQ002,Retail & Comerț electronic,Retail and e-commerce,"În ce domeniu activează compania dvs.? Context: Domeniul în care activează compania poate determina rate diferite de adoptare a AI. Unele sectoare (IT, finanțe, sănătate) adoptă, de obicei, ceva mai rapid soluțiile bazate pe AI, în timp ce altele (producție, agricultură) se confruntă cu bariere tehnice și logistice. Oportunități: Domeniile cu acces la date și procese digitale pot beneficia rapid de inovațiile AI. Provocări: Sectoarele cu reglementări stricte pot întâmpina rate mai scăzute de adoptare din cauza provocărilor legate de conformitate. Se pot alege mai multe răspunsuri: [Retail & Comerț electronic]",multiple-response checklist with selected-option comments,nominal multiple-response checklist,binary coded text,1 = selected; 0 = not selected; blank = no stored value,"for complete rows, 0 means not selected; blank requires case-flow review",272,212,2,Not used in the reported analysis,Potential quasi-identifier; comment fields not included in the reported analysis,public instrument documentation; no respondent values
13,G01Q02[SQ002comment],sector_retail_ecommerce_comment,G01Q02,2,1,COMPANY PROFILE,free-text or comment field,,,,"În ce domeniu activează compania dvs.? Context: Domeniul în care activează compania poate determina rate diferite de adoptare a AI. Unele sectoare (IT, finanțe, sănătate) adoptă, de obicei, ceva mai rapid soluțiile bazate pe AI, în timp ce altele (producție, agricultură) se confruntă cu bariere tehnice și logistice. Oportunități: Domeniile cu acces la date și procese digitale pot beneficia rapid de inovațiile AI. Provocări: Sectoarele cu reglementări stricte pot întâmpina rate mai scăzute de adoptare din cauza provocărilor legate de conformitate. Se pot alege mai multe răspunsuri: [Retail & Comerț electronic][Comentariu]",multiple-response checklist with selected-option comments,nominal multiple-response checklist,UTF-8 text,,blank = no comment or open-text response recorded,29,23,22,Not used in the reported analysis,Potential quasi-identifier; comment fields not included in the reported analysis,"manual disclosure review, redaction, language identification and translation required"
14,G01Q02[SQ003],sector_finance_banking,G01Q02,2,1,COMPANY PROFILE,multiple-response option flag,SQ003,Finanțe & Bănci,Finance and banking,"În ce domeniu activează compania dvs.? Context: Domeniul în care activează compania poate determina rate diferite de adoptare a AI. Unele sectoare (IT, finanțe, sănătate) adoptă, de obicei, ceva mai rapid soluțiile bazate pe AI, în timp ce altele (producție, agricultură) se confruntă cu bariere tehnice și logistice. Oportunități: Domeniile cu acces la date și procese digitale pot beneficia rapid de inovațiile AI. Provocări: Sectoarele cu reglementări stricte pot întâmpina rate mai scăzute de adoptare din cauza provocărilor legate de conformitate. Se pot alege mai multe răspunsuri: [Finanțe & Bănci]",multiple-response checklist with selected-option comments,nominal multiple-response checklist,binary coded text,1 = selected; 0 = not selected; blank = no stored value,"for complete rows, 0 means not selected; blank requires case-flow review",272,212,2,Not used in the reported analysis,Potential quasi-identifier; comment fields not included in the reported analysis,public instrument documentation; no respondent values
15,G01Q02[SQ003comment],sector_finance_banking_comment,G01Q02,2,1,COMPANY PROFILE,free-text or comment field,,,,"În ce domeniu activează compania dvs.? Context: Domeniul în care activează compania poate determina rate diferite de adoptare a AI. Unele sectoare (IT, finanțe, sănătate) adoptă, de obicei, ceva mai rapid soluțiile bazate pe AI, în timp ce altele (producție, agricultură) se confruntă cu bariere tehnice și logistice. Oportunități: Domeniile cu acces la date și procese digitale pot beneficia rapid de inovațiile AI. Provocări: Sectoarele cu reglementări stricte pot întâmpina rate mai scăzute de adoptare din cauza provocărilor legate de conformitate. Se pot alege mai multe răspunsuri: [Finanțe & Bănci][Comentariu]",multiple-response checklist with selected-option comments,nominal multiple-response checklist,UTF-8 text,,blank = no comment or open-text response recorded,13,12,13,Not used in the reported analysis,Potential quasi-identifier; comment fields not included in the reported analysis,"manual disclosure review, redaction, language identification and translation required"
16,G01Q02[SQ004],sector_healthcare_pharmaceuticals,G01Q02,2,1,COMPANY PROFILE,multiple-response option flag,SQ004,Sănătate & Industria farmaceutică,Healthcare and pharmaceuticals,"În ce domeniu activează compania dvs.? Context: Domeniul în care activează compania poate determina rate diferite de adoptare a AI. Unele sectoare (IT, finanțe, sănătate) adoptă, de obicei, ceva mai rapid soluțiile bazate pe AI, în timp ce altele (producție, agricultură) se confruntă cu bariere tehnice și logistice. Oportunități: Domeniile cu acces la date și procese digitale pot beneficia rapid de inovațiile AI. Provocări: Sectoarele cu reglementări stricte pot întâmpina rate mai scăzute de adoptare din cauza provocărilor legate de conformitate. Se pot alege mai multe răspunsuri: [Sănătate & Industria farmaceutică]",multiple-response checklist with selected-option comments,nominal multiple-response checklist,binary coded text,1 = selected; 0 = not selected; blank = no stored value,"for complete rows, 0 means not selected; blank requires case-flow review",272,212,2,Not used in the reported analysis,Potential quasi-identifier; comment fields not included in the reported analysis,public instrument documentation; no respondent values
17,G01Q02[SQ004comment],sector_healthcare_pharmaceuticals_comment,G01Q02,2,1,COMPANY PROFILE,free-text or comment field,,,,"În ce domeniu activează compania dvs.? Context: Domeniul în care activează compania poate determina rate diferite de adoptare a AI. Unele sectoare (IT, finanțe, sănătate) adoptă, de obicei, ceva mai rapid soluțiile bazate pe AI, în timp ce altele (producție, agricultură) se confruntă cu bariere tehnice și logistice. Oportunități: Domeniile cu acces la date și procese digitale pot beneficia rapid de inovațiile AI. Provocări: Sectoarele cu reglementări stricte pot întâmpina rate mai scăzute de adoptare din cauza provocărilor legate de conformitate. Se pot alege mai multe răspunsuri: [Sănătate & Industria farmaceutică][Comentariu]",multiple-response checklist with selected-option comments,nominal multiple-response checklist,UTF-8 text,,blank = no comment or open-text response recorded,17,15,12,Not used in the reported analysis,Potential quasi-identifier; comment fields not included in the reported analysis,"manual disclosure review, redaction, language identification and translation required"
18,G01Q02[SQ005],sector_it_software,G01Q02,2,1,COMPANY PROFILE,multiple-response option flag,SQ005,IT & Software,IT and software,"În ce domeniu activează compania dvs.? Context: Domeniul în care activează compania poate determina rate diferite de adoptare a AI. Unele sectoare (IT, finanțe, sănătate) adoptă, de obicei, ceva mai rapid soluțiile bazate pe AI, în timp ce altele (producție, agricultură) se confruntă cu bariere tehnice și logistice. Oportunități: Domeniile cu acces la date și procese digitale pot beneficia rapid de inovațiile AI. Provocări: Sectoarele cu reglementări stricte pot întâmpina rate mai scăzute de adoptare din cauza provocărilor legate de conformitate. Se pot alege mai multe răspunsuri: [IT & Software]",multiple-response checklist with selected-option comments,nominal multiple-response checklist,binary coded text,1 = selected; 0 = not selected; blank = no stored value,"for complete rows, 0 means not selected; blank requires case-flow review",272,212,2,Not used in the reported analysis,Potential quasi-identifier; comment fields not included in the reported analysis,public instrument documentation; no respondent values
19,G01Q02[SQ005comment],sector_it_software_comment,G01Q02,2,1,COMPANY PROFILE,free-text or comment field,,,,"În ce domeniu activează compania dvs.? Context: Domeniul în care activează compania poate determina rate diferite de adoptare a AI. Unele sectoare (IT, finanțe, sănătate) adoptă, de obicei, ceva mai rapid soluțiile bazate pe AI, în timp ce altele (producție, agricultură) se confruntă cu bariere tehnice și logistice. Oportunități: Domeniile cu acces la date și procese digitale pot beneficia rapid de inovațiile AI. Provocări: Sectoarele cu reglementări stricte pot întâmpina rate mai scăzute de adoptare din cauza provocărilor legate de conformitate. Se pot alege mai multe răspunsuri: [IT & Software][Comentariu]",multiple-response checklist with selected-option comments,nominal multiple-response checklist,UTF-8 text,,blank = no comment or open-text response recorded,62,47,55,Not used in the reported analysis,Potential quasi-identifier; comment fields not included in the reported analysis,"manual disclosure review, redaction, language identification and translation required"
20,G01Q02[SQ006],sector_transport_logistics,G01Q02,2,1,COMPANY PROFILE,multiple-response option flag,SQ006,Transport & Logistică,Transport and logistics,"În ce domeniu activează compania dvs.? Context: Domeniul în care activează compania poate determina rate diferite de adoptare a AI. Unele sectoare (IT, finanțe, sănătate) adoptă, de obicei, ceva mai rapid soluțiile bazate pe AI, în timp ce altele (producție, agricultură) se confruntă cu bariere tehnice și logistice. Oportunități: Domeniile cu acces la date și procese digitale pot beneficia rapid de inovațiile AI. Provocări: Sectoarele cu reglementări stricte pot întâmpina rate mai scăzute de adoptare din cauza provocărilor legate de conformitate. Se pot alege mai multe răspunsuri: [Transport & Logistică]",multiple-response checklist with selected-option comments,nominal multiple-response checklist,binary coded text,1 = selected; 0 = not selected; blank = no stored value,"for complete rows, 0 means not selected; blank requires case-flow review",272,212,2,Not used in the reported analysis,Potential quasi-identifier; comment fields not included in the reported analysis,public instrument documentation; no respondent values
21,G01Q02[SQ006comment],sector_transport_logistics_comment,G01Q02,2,1,COMPANY PROFILE,free-text or comment field,,,,"În ce domeniu activează compania dvs.? Context: Domeniul în care activează compania poate determina rate diferite de adoptare a AI. Unele sectoare (IT, finanțe, sănătate) adoptă, de obicei, ceva mai rapid soluțiile bazate pe AI, în timp ce altele (producție, agricultură) se confruntă cu bariere tehnice și logistice. Oportunități: Domeniile cu acces la date și procese digitale pot beneficia rapid de inovațiile AI. Provocări: Sectoarele cu reglementări stricte pot întâmpina rate mai scăzute de adoptare din cauza provocărilor legate de conformitate. Se pot alege mai multe răspunsuri: [Transport & Logistică][Comentariu]",multiple-response checklist with selected-option comments,nominal multiple-response checklist,UTF-8 text,,blank = no comment or open-text response recorded,20,15,18,Not used in the reported analysis,Potential quasi-identifier; comment fields not included in the reported analysis,"manual disclosure review, redaction, language identification and translation required"
22,G01Q02[SQ007],sector_agriculture,G01Q02,2,1,COMPANY PROFILE,multiple-response option flag,SQ007,Agricultură,Agriculture,"În ce domeniu activează compania dvs.? Context: Domeniul în care activează compania poate determina rate diferite de adoptare a AI. Unele sectoare (IT, finanțe, sănătate) adoptă, de obicei, ceva mai rapid soluțiile bazate pe AI, în timp ce altele (producție, agricultură) se confruntă cu bariere tehnice și logistice. Oportunități: Domeniile cu acces la date și procese digitale pot beneficia rapid de inovațiile AI. Provocări: Sectoarele cu reglementări stricte pot întâmpina rate mai scăzute de adoptare din cauza provocărilor legate de conformitate. Se pot alege mai multe răspunsuri: [Agricultură]",multiple-response checklist with selected-option comments,nominal multiple-response checklist,binary coded text,1 = selected; 0 = not selected; blank = no stored value,"for complete rows, 0 means not selected; blank requires case-flow review",272,212,2,Not used in the reported analysis,Potential quasi-identifier; comment fields not included in the reported analysis,public instrument documentation; no respondent values
23,G01Q02[SQ007comment],sector_agriculture_comment,G01Q02,2,1,COMPANY PROFILE,free-text or comment field,,,,"În ce domeniu activează compania dvs.? Context: Domeniul în care activează compania poate determina rate diferite de adoptare a AI. Unele sectoare (IT, finanțe, sănătate) adoptă, de obicei, ceva mai rapid soluțiile bazate pe AI, în timp ce altele (producție, agricultură) se confruntă cu bariere tehnice și logistice. Oportunități: Domeniile cu acces la date și procese digitale pot beneficia rapid de inovațiile AI. Provocări: Sectoarele cu reglementări stricte pot întâmpina rate mai scăzute de adoptare din cauza provocărilor legate de conformitate. Se pot alege mai multe răspunsuri: [Agricultură][Comentariu]",multiple-response checklist with selected-option comments,nominal multiple-response checklist,UTF-8 text,,blank = no comment or open-text response recorded,13,9,11,Not used in the reported analysis,Potential quasi-identifier; comment fields not included in the reported analysis,"manual disclosure review, redaction, language identification and translation required"
24,G01Q02[SQ008],sector_energy,G01Q02,2,1,COMPANY PROFILE,multiple-response option flag,SQ008,Energie,Energy,"În ce domeniu activează compania dvs.? Context: Domeniul în care activează compania poate determina rate diferite de adoptare a AI. Unele sectoare (IT, finanțe, sănătate) adoptă, de obicei, ceva mai rapid soluțiile bazate pe AI, în timp ce altele (producție, agricultură) se confruntă cu bariere tehnice și logistice. Oportunități: Domeniile cu acces la date și procese digitale pot beneficia rapid de inovațiile AI. Provocări: Sectoarele cu reglementări stricte pot întâmpina rate mai scăzute de adoptare din cauza provocărilor legate de conformitate. Se pot alege mai multe răspunsuri: [Energie]",multiple-response checklist with selected-option comments,nominal multiple-response checklist,binary coded text,1 = selected; 0 = not selected; blank = no stored value,"for complete rows, 0 means not selected; blank requires case-flow review",272,212,2,Not used in the reported analysis,Potential quasi-identifier; comment fields not included in the reported analysis,public instrument documentation; no respondent values
25,G01Q02[SQ008comment],sector_energy_comment,G01Q02,2,1,COMPANY PROFILE,free-text or comment field,,,,"În ce domeniu activează compania dvs.? Context: Domeniul în care activează compania poate determina rate diferite de adoptare a AI. Unele sectoare (IT, finanțe, sănătate) adoptă, de obicei, ceva mai rapid soluțiile bazate pe AI, în timp ce altele (producție, agricultură) se confruntă cu bariere tehnice și logistice. Oportunități: Domeniile cu acces la date și procese digitale pot beneficia rapid de inovațiile AI. Provocări: Sectoarele cu reglementări stricte pot întâmpina rate mai scăzute de adoptare din cauza provocărilor legate de conformitate. Se pot alege mai multe răspunsuri: [Energie][Comentariu]",multiple-response checklist with selected-option comments,nominal multiple-response checklist,UTF-8 text,,blank = no comment or open-text response recorded,11,7,10,Not used in the reported analysis,Potential quasi-identifier; comment fields not included in the reported analysis,"manual disclosure review, redaction, language identification and translation required"
26,G01Q02[SQ009],sector_other,G01Q02,2,1,COMPANY PROFILE,multiple-response option flag,SQ009,Altul (vă rugăm să specificați),Other (please specify),"În ce domeniu activează compania dvs.? Context: Domeniul în care activează compania poate determina rate diferite de adoptare a AI. Unele sectoare (IT, finanțe, sănătate) adoptă, de obicei, ceva mai rapid soluțiile bazate pe AI, în timp ce altele (producție, agricultură) se confruntă cu bariere tehnice și logistice. Oportunități: Domeniile cu acces la date și procese digitale pot beneficia rapid de inovațiile AI. Provocări: Sectoarele cu reglementări stricte pot întâmpina rate mai scăzute de adoptare din cauza provocărilor legate de conformitate. Se pot alege mai multe răspunsuri: [Altul (vă rugăm să specificați)]",multiple-response checklist with selected-option comments,nominal multiple-response checklist,binary coded text,1 = selected; 0 = not selected; blank = no stored value,"for complete rows, 0 means not selected; blank requires case-flow review",272,212,2,Not used in the reported analysis,Potential quasi-identifier; comment fields not included in the reported analysis,public instrument documentation; no respondent values
27,G01Q02[SQ009comment],sector_other_comment,G01Q02,2,1,COMPANY PROFILE,free-text or comment field,,,,"În ce domeniu activează compania dvs.? Context: Domeniul în care activează compania poate determina rate diferite de adoptare a AI. Unele sectoare (IT, finanțe, sănătate) adoptă, de obicei, ceva mai rapid soluțiile bazate pe AI, în timp ce altele (producție, agricultură) se confruntă cu bariere tehnice și logistice. Oportunități: Domeniile cu acces la date și procese digitale pot beneficia rapid de inovațiile AI. Provocări: Sectoarele cu reglementări stricte pot întâmpina rate mai scăzute de adoptare din cauza provocărilor legate de conformitate. Se pot alege mai multe răspunsuri: [Altul (vă rugăm să specificați)][Comentariu]",multiple-response checklist with selected-option comments,nominal multiple-response checklist,UTF-8 text,,blank = no comment or open-text response recorded,63,49,61,Not used in the reported analysis,Potential quasi-identifier; comment fields not included in the reported analysis,"manual disclosure review, redaction, language identification and translation required"
28,G01Q03[SQ001],respondent_role_ceo_owner,G01Q03,3,1,COMPANY PROFILE,multiple-response option flag,SQ001,CEO / Proprietar de afacere,Chief executive or business owner,"Care este rolul dvs. în companie? Context: Înțelegerea rolului dvs. ne ajută să evaluăm modul în care perspective diferite (strategice, tehnice, operaționale) influențează opiniile despre adoptarea AI. Executivii, specialiștii IT, profesioniștii HR și managerii operaționali pot avea percepții, experiențe, provocări și oportunități diferite. Oportunități: Decidenții se concentrează pe beneficiile strategice și ROI, (de altfel) aspecte esențiale pentru investițiile AI. Provocări: Personalul tehnic poate avea priorități diferite (provocări de implementare) și care nu reflectă pe deplin considerentele strategice. Se pot alege mai multe răspunsuri: [CEO / Proprietar de afacere]",multiple-response checklist with selected-option comments,nominal multiple-response checklist,binary coded text,1 = selected; 0 = not selected; blank = no stored value,"for complete rows, 0 means not selected; blank requires case-flow review",270,212,2,Not used in the reported analysis,Informant position and organisation uniqueness not verified,public instrument documentation; no respondent values
29,G01Q03[SQ001comment],respondent_role_ceo_owner_comment,G01Q03,3,1,COMPANY PROFILE,free-text or comment field,,,,"Care este rolul dvs. în companie? Context: Înțelegerea rolului dvs. ne ajută să evaluăm modul în care perspective diferite (strategice, tehnice, operaționale) influențează opiniile despre adoptarea AI. Executivii, specialiștii IT, profesioniștii HR și managerii operaționali pot avea percepții, experiențe, provocări și oportunități diferite. Oportunități: Decidenții se concentrează pe beneficiile strategice și ROI, (de altfel) aspecte esențiale pentru investițiile AI. Provocări: Personalul tehnic poate avea priorități diferite (provocări de implementare) și care nu reflectă pe deplin considerentele strategice. Se pot alege mai multe răspunsuri: [CEO / Proprietar de afacere][Comentariu]",multiple-response checklist with selected-option comments,nominal multiple-response checklist,UTF-8 text,,blank = no comment or open-text response recorded,43,35,29,Not used in the reported analysis,Informant position and organisation uniqueness not verified,"manual disclosure review, redaction, language identification and translation required"
30,G01Q03[SQ002],respondent_role_senior_manager_director,G01Q03,3,1,COMPANY PROFILE,multiple-response option flag,SQ002,Manager Senior / Director,Senior manager or director,"Care este rolul dvs. în companie? Context: Înțelegerea rolului dvs. ne ajută să evaluăm modul în care perspective diferite (strategice, tehnice, operaționale) influențează opiniile despre adoptarea AI. Executivii, specialiștii IT, profesioniștii HR și managerii operaționali pot avea percepții, experiențe, provocări și oportunități diferite. Oportunități: Decidenții se concentrează pe beneficiile strategice și ROI, (de altfel) aspecte esențiale pentru investițiile AI. Provocări: Personalul tehnic poate avea priorități diferite (provocări de implementare) și care nu reflectă pe deplin considerentele strategice. Se pot alege mai multe răspunsuri: [Manager Senior / Director]",multiple-response checklist with selected-option comments,nominal multiple-response checklist,binary coded text,1 = selected; 0 = not selected; blank = no stored value,"for complete rows, 0 means not selected; blank requires case-flow review",270,212,2,Not used in the reported analysis,Informant position and organisation uniqueness not verified,public instrument documentation; no respondent values
31,G01Q03[SQ002comment],respondent_role_senior_manager_director_comment,G01Q03,3,1,COMPANY PROFILE,free-text or comment field,,,,"Care este rolul dvs. în companie? Context: Înțelegerea rolului dvs. ne ajută să evaluăm modul în care perspective diferite (strategice, tehnice, operaționale) influențează opiniile despre adoptarea AI. Executivii, specialiștii IT, profesioniștii HR și managerii operaționali pot avea percepții, experiențe, provocări și oportunități diferite. Oportunități: Decidenții se concentrează pe beneficiile strategice și ROI, (de altfel) aspecte esențiale pentru investițiile AI. Provocări: Personalul tehnic poate avea priorități diferite (provocări de implementare) și care nu reflectă pe deplin considerentele strategice. Se pot alege mai multe răspunsuri: [Manager Senior / Director][Comentariu]",multiple-response checklist with selected-option comments,nominal multiple-response checklist,UTF-8 text,,blank = no comment or open-text response recorded,116,89,81,Not used in the reported analysis,Informant position and organisation uniqueness not verified,"manual disclosure review, redaction, language identification and translation required"
32,G01Q03[SQ003],respondent_role_it_ai_specialist,G01Q03,3,1,COMPANY PROFILE,multiple-response option flag,SQ003,Specialist IT / AI,IT or AI specialist,"Care este rolul dvs. în companie? Context: Înțelegerea rolului dvs. ne ajută să evaluăm modul în care perspective diferite (strategice, tehnice, operaționale) influențează opiniile despre adoptarea AI. Executivii, specialiștii IT, profesioniștii HR și managerii operaționali pot avea percepții, experiențe, provocări și oportunități diferite. Oportunități: Decidenții se concentrează pe beneficiile strategice și ROI, (de altfel) aspecte esențiale pentru investițiile AI. Provocări: Personalul tehnic poate avea priorități diferite (provocări de implementare) și care nu reflectă pe deplin considerentele strategice. Se pot alege mai multe răspunsuri: [Specialist IT / AI]",multiple-response checklist with selected-option comments,nominal multiple-response checklist,binary coded text,1 = selected; 0 = not selected; blank = no stored value,"for complete rows, 0 means not selected; blank requires case-flow review",270,212,2,Not used in the reported analysis,Informant position and organisation uniqueness not verified,public instrument documentation; no respondent values
33,G01Q03[SQ003comment],respondent_role_it_ai_specialist_comment,G01Q03,3,1,COMPANY PROFILE,free-text or comment field,,,,"Care este rolul dvs. în companie? Context: Înțelegerea rolului dvs. ne ajută să evaluăm modul în care perspective diferite (strategice, tehnice, operaționale) influențează opiniile despre adoptarea AI. Executivii, specialiștii IT, profesioniștii HR și managerii operaționali pot avea percepții, experiențe, provocări și oportunități diferite. Oportunități: Decidenții se concentrează pe beneficiile strategice și ROI, (de altfel) aspecte esențiale pentru investițiile AI. Provocări: Personalul tehnic poate avea priorități diferite (provocări de implementare) și care nu reflectă pe deplin considerentele strategice. Se pot alege mai multe răspunsuri: [Specialist IT / AI][Comentariu]",multiple-response checklist with selected-option comments,nominal multiple-response checklist,UTF-8 text,,blank = no comment or open-text response recorded,32,29,30,Not used in the reported analysis,Informant position and organisation uniqueness not verified,"manual disclosure review, redaction, language identification and translation required"
34,G01Q03[SQ004],respondent_role_hr_workforce_development,G01Q03,3,1,COMPANY PROFILE,multiple-response option flag,SQ004,HR / Dezvoltare Resurse Umane,Human resources or workforce development,"Care este rolul dvs. în companie? Context: Înțelegerea rolului dvs. ne ajută să evaluăm modul în care perspective diferite (strategice, tehnice, operaționale) influențează opiniile despre adoptarea AI. Executivii, specialiștii IT, profesioniștii HR și managerii operaționali pot avea percepții, experiențe, provocări și oportunități diferite. Oportunități: Decidenții se concentrează pe beneficiile strategice și ROI, (de altfel) aspecte esențiale pentru investițiile AI. Provocări: Personalul tehnic poate avea priorități diferite (provocări de implementare) și care nu reflectă pe deplin considerentele strategice. Se pot alege mai multe răspunsuri: [HR / Dezvoltare Resurse Umane]",multiple-response checklist with selected-option comments,nominal multiple-response checklist,binary coded text,1 = selected; 0 = not selected; blank = no stored value,"for complete rows, 0 means not selected; blank requires case-flow review",270,212,2,Not used in the reported analysis,Informant position and organisation uniqueness not verified,public instrument documentation; no respondent values
35,G01Q03[SQ004comment],respondent_role_hr_workforce_development_comment,G01Q03,3,1,COMPANY PROFILE,free-text or comment field,,,,"Care este rolul dvs. în companie? Context: Înțelegerea rolului dvs. ne ajută să evaluăm modul în care perspective diferite (strategice, tehnice, operaționale) influențează opiniile despre adoptarea AI. Executivii, specialiștii IT, profesioniștii HR și managerii operaționali pot avea percepții, experiențe, provocări și oportunități diferite. Oportunități: Decidenții se concentrează pe beneficiile strategice și ROI, (de altfel) aspecte esențiale pentru investițiile AI. Provocări: Personalul tehnic poate avea priorități diferite (provocări de implementare) și care nu reflectă pe deplin considerentele strategice. Se pot alege mai multe răspunsuri: [HR / Dezvoltare Resurse Umane][Comentariu]",multiple-response checklist with selected-option comments,nominal multiple-response checklist,UTF-8 text,,blank = no comment or open-text response recorded,16,10,14,Not used in the reported analysis,Informant position and organisation uniqueness not verified,"manual disclosure review, redaction, language identification and translation required"
36,G01Q03[SQ005],respondent_role_operations_manager,G01Q03,3,1,COMPANY PROFILE,multiple-response option flag,SQ005,Manager de Operațiuni,Operations manager,"Care este rolul dvs. în companie? Context: Înțelegerea rolului dvs. ne ajută să evaluăm modul în care perspective diferite (strategice, tehnice, operaționale) influențează opiniile despre adoptarea AI. Executivii, specialiștii IT, profesioniștii HR și managerii operaționali pot avea percepții, experiențe, provocări și oportunități diferite. Oportunități: Decidenții se concentrează pe beneficiile strategice și ROI, (de altfel) aspecte esențiale pentru investițiile AI. Provocări: Personalul tehnic poate avea priorități diferite (provocări de implementare) și care nu reflectă pe deplin considerentele strategice. Se pot alege mai multe răspunsuri: [Manager de Operațiuni]",multiple-response checklist with selected-option comments,nominal multiple-response checklist,binary coded text,1 = selected; 0 = not selected; blank = no stored value,"for complete rows, 0 means not selected; blank requires case-flow review",270,212,2,Not used in the reported analysis,Informant position and organisation uniqueness not verified,public instrument documentation; no respondent values
37,G01Q03[SQ005comment],respondent_role_operations_manager_comment,G01Q03,3,1,COMPANY PROFILE,free-text or comment field,,,,"Care este rolul dvs. în companie? Context: Înțelegerea rolului dvs. ne ajută să evaluăm modul în care perspective diferite (strategice, tehnice, operaționale) influențează opiniile despre adoptarea AI. Executivii, specialiștii IT, profesioniștii HR și managerii operaționali pot avea percepții, experiențe, provocări și oportunități diferite. Oportunități: Decidenții se concentrează pe beneficiile strategice și ROI, (de altfel) aspecte esențiale pentru investițiile AI. Provocări: Personalul tehnic poate avea priorități diferite (provocări de implementare) și care nu reflectă pe deplin considerentele strategice. Se pot alege mai multe răspunsuri: [Manager de Operațiuni][Comentariu]",multiple-response checklist with selected-option comments,nominal multiple-response checklist,UTF-8 text,,blank = no comment or open-text response recorded,36,33,32,Not used in the reported analysis,Informant position and organisation uniqueness not verified,"manual disclosure review, redaction, language identification and translation required"
38,G01Q03[SQ006],respondent_role_other,G01Q03,3,1,COMPANY PROFILE,multiple-response option flag,SQ006,Altul (vă rugăm să specificați),Other (please specify),"Care este rolul dvs. în companie? Context: Înțelegerea rolului dvs. ne ajută să evaluăm modul în care perspective diferite (strategice, tehnice, operaționale) influențează opiniile despre adoptarea AI. Executivii, specialiștii IT, profesioniștii HR și managerii operaționali pot avea percepții, experiențe, provocări și oportunități diferite. Oportunități: Decidenții se concentrează pe beneficiile strategice și ROI, (de altfel) aspecte esențiale pentru investițiile AI. Provocări: Personalul tehnic poate avea priorități diferite (provocări de implementare) și care nu reflectă pe deplin considerentele strategice. Se pot alege mai multe răspunsuri: [Altul (vă rugăm să specificați)]",multiple-response checklist with selected-option comments,nominal multiple-response checklist,binary coded text,1 = selected; 0 = not selected; blank = no stored value,"for complete rows, 0 means not selected; blank requires case-flow review",270,212,2,Not used in the reported analysis,Informant position and organisation uniqueness not verified,public instrument documentation; no respondent values
39,G01Q03[SQ006comment],respondent_role_other_comment,G01Q03,3,1,COMPANY PROFILE,free-text or comment field,,,,"Care este rolul dvs. în companie? Context: Înțelegerea rolului dvs. ne ajută să evaluăm modul în care perspective diferite (strategice, tehnice, operaționale) influențează opiniile despre adoptarea AI. Executivii, specialiștii IT, profesioniștii HR și managerii operaționali pot avea percepții, experiențe, provocări și oportunități diferite. Oportunități: Decidenții se concentrează pe beneficiile strategice și ROI, (de altfel) aspecte esențiale pentru investițiile AI. Provocări: Personalul tehnic poate avea priorități diferite (provocări de implementare) și care nu reflectă pe deplin considerentele strategice. Se pot alege mai multe răspunsuri: [Altul (vă rugăm să specificați)][Comentariu]",multiple-response checklist with selected-option comments,nominal multiple-response checklist,UTF-8 text,,blank = no comment or open-text response recorded,46,33,42,Not used in the reported analysis,Informant position and organisation uniqueness not verified,"manual disclosure review, redaction, language identification and translation required"
40,G02Q04,ai_familiarity_engagement,G02Q04,4,2,ADOPTION OF AI TECHNOLOGIES,single-choice structured response,,,,"Cât de familiarizat sunteți cu aplicațiile AI în afaceri? Context: Nivelul dvs. de familiarizare cu AI ar putea influența (conștient sau nu) modul în care compania d-voastră adoptă aceste tehnologii. O bună înțelegere poate duce la o adoptare timpurie/proactivă și, implicit, la un avantaj competitiv, în timp ce o cunoaștere limitată poate întârzia integrarea acestor tehnologii. Oportunități: Experința (la orice nivel, fie și în scenarii strict personale) în utilizarea acestor tehnologii poate stimula o strategie proactivă și investiții timpurii. Provocări: Lipsa de familiarizare (anterioară) cu aceste tehnologii poate duce la o adoptare lentă și la pierderea unor oportunități.",single choice with a global explanatory comment,partially ordered categorical item with construct conflation,categorical code stored as text,"AO01 = Not at all familiar | AO02 = Slightly familiar | AO03 = Familiar, but our company does not use AI technologies | AO04 = Familiar; our company has projects at various stages - budgeting, testing or implementation - to introduce AI technologies | AO05 = We actively use AI technologies",blank = no category recorded,265,212,5,Primary engagement outcome,"Combines planning, testing and deployment in one category; not a validated stage scale",public instrument documentation; no respondent values
41,G02Q04[comment],ai_familiarity_engagement_comment,G02Q04,4,2,ADOPTION OF AI TECHNOLOGIES,free-text or comment field,,,,"Cât de familiarizat sunteți cu aplicațiile AI în afaceri? Context: Nivelul dvs. de familiarizare cu AI ar putea influența (conștient sau nu) modul în care compania d-voastră adoptă aceste tehnologii. O bună înțelegere poate duce la o adoptare timpurie/proactivă și, implicit, la un avantaj competitiv, în timp ce o cunoaștere limitată poate întârzia integrarea acestor tehnologii. Oportunități: Experința (la orice nivel, fie și în scenarii strict personale) în utilizarea acestor tehnologii poate stimula o strategie proactivă și investiții timpurii. Provocări: Lipsa de familiarizare (anterioară) cu aceste tehnologii poate duce la o adoptare lentă și la pierderea unor oportunități. [Comentariu]",single choice with a global explanatory comment,partially ordered categorical item with construct conflation,UTF-8 text,,blank = no comment or open-text response recorded,247,199,247,Primary engagement outcome,"Combines planning, testing and deployment in one category; not a validated stage scale","manual disclosure review, redaction, language identification and translation required"
42,G01Q05[SQ001],adoption_reason_cost_efficiency,G01Q05,5,2,ADOPTION OF AI TECHNOLOGIES,multiple-response option flag,SQ001,Reducerea costurilor & îmbunătățirea eficienței,Cost reduction and efficiency improvement,"Care sunt principalele motive pentru care luați (ați luat) în considerare adoptarea unei soluții AI în compania dvs.? Context: Companiile adoptă AI din diverse motive strategice și operaționale, cum ar fi reducerea costurilor, creșterea eficienței, obținerea unui avantaj competitiv, îmbunătățirea experienței clienților și sprijinirea deciziilor bazate pe date. Oportunități: Aceste motive pot conduce la îmbunătățiri semnificative în productivitate și profitabilitate. Provocări: Accentul prea mare pe reducerea costurilor poate afecta investițiile în capitalul uman și inovația. Se pot alege mai multe răspunsuri: [Reducerea costurilor & îmbunătățirea eficienței]",multiple-response checklist with selected-option comments,nominal multiple-response checklist,binary coded text,1 = selected; 0 = not selected; blank = no stored value,"for complete rows, 0 means not selected; blank requires case-flow review",263,212,2,Not reported,Perceived motivations; not causal drivers,public instrument documentation; no respondent values
43,G01Q05[SQ001comment],adoption_reason_cost_efficiency_comment,G01Q05,5,2,ADOPTION OF AI TECHNOLOGIES,free-text or comment field,,,,"Care sunt principalele motive pentru care luați (ați luat) în considerare adoptarea unei soluții AI în compania dvs.? Context: Companiile adoptă AI din diverse motive strategice și operaționale, cum ar fi reducerea costurilor, creșterea eficienței, obținerea unui avantaj competitiv, îmbunătățirea experienței clienților și sprijinirea deciziilor bazate pe date. Oportunități: Aceste motive pot conduce la îmbunătățiri semnificative în productivitate și profitabilitate. Provocări: Accentul prea mare pe reducerea costurilor poate afecta investițiile în capitalul uman și inovația. Se pot alege mai multe răspunsuri: [Reducerea costurilor & îmbunătățirea eficienței][Comentariu]",multiple-response checklist with selected-option comments,nominal multiple-response checklist,UTF-8 text,,blank = no comment or open-text response recorded,225,185,223,Not reported,Perceived motivations; not causal drivers,"manual disclosure review, redaction, language identification and translation required"
44,G01Q05[SQ002],adoption_reason_competitive_strategic_advantage,G01Q05,5,2,ADOPTION OF AI TECHNOLOGIES,multiple-response option flag,SQ002,Avantaj competitive/strategic,Competitive or strategic advantage,"Care sunt principalele motive pentru care luați (ați luat) în considerare adoptarea unei soluții AI în compania dvs.? Context: Companiile adoptă AI din diverse motive strategice și operaționale, cum ar fi reducerea costurilor, creșterea eficienței, obținerea unui avantaj competitiv, îmbunătățirea experienței clienților și sprijinirea deciziilor bazate pe date. Oportunități: Aceste motive pot conduce la îmbunătățiri semnificative în productivitate și profitabilitate. Provocări: Accentul prea mare pe reducerea costurilor poate afecta investițiile în capitalul uman și inovația. Se pot alege mai multe răspunsuri: [Avantaj competitive/strategic]",multiple-response checklist with selected-option comments,nominal multiple-response checklist,binary coded text,1 = selected; 0 = not selected; blank = no stored value,"for complete rows, 0 means not selected; blank requires case-flow review",263,212,2,Not reported,Perceived motivations; not causal drivers,public instrument documentation; no respondent values
45,G01Q05[SQ002comment],adoption_reason_competitive_strategic_advantage_comment,G01Q05,5,2,ADOPTION OF AI TECHNOLOGIES,free-text or comment field,,,,"Care sunt principalele motive pentru care luați (ați luat) în considerare adoptarea unei soluții AI în compania dvs.? Context: Companiile adoptă AI din diverse motive strategice și operaționale, cum ar fi reducerea costurilor, creșterea eficienței, obținerea unui avantaj competitiv, îmbunătățirea experienței clienților și sprijinirea deciziilor bazate pe date. Oportunități: Aceste motive pot conduce la îmbunătățiri semnificative în productivitate și profitabilitate. Provocări: Accentul prea mare pe reducerea costurilor poate afecta investițiile în capitalul uman și inovația. Se pot alege mai multe răspunsuri: [Avantaj competitive/strategic][Comentariu]",multiple-response checklist with selected-option comments,nominal multiple-response checklist,UTF-8 text,,blank = no comment or open-text response recorded,191,154,191,Not reported,Perceived motivations; not causal drivers,"manual disclosure review, redaction, language identification and translation required"
46,G01Q05[SQ003],adoption_reason_customer_experience_personalisation,G01Q05,5,2,ADOPTION OF AI TECHNOLOGIES,multiple-response option flag,SQ003,Experiență îmbunătățită pentru clienți & personalizarea unor servicii,Improved customer experience and service personalisation,"Care sunt principalele motive pentru care luați (ați luat) în considerare adoptarea unei soluții AI în compania dvs.? Context: Companiile adoptă AI din diverse motive strategice și operaționale, cum ar fi reducerea costurilor, creșterea eficienței, obținerea unui avantaj competitiv, îmbunătățirea experienței clienților și sprijinirea deciziilor bazate pe date. Oportunități: Aceste motive pot conduce la îmbunătățiri semnificative în productivitate și profitabilitate. Provocări: Accentul prea mare pe reducerea costurilor poate afecta investițiile în capitalul uman și inovația. Se pot alege mai multe răspunsuri: [Experiență îmbunătățită pentru clienți & personalizarea unor servicii]",multiple-response checklist with selected-option comments,nominal multiple-response checklist,binary coded text,1 = selected; 0 = not selected; blank = no stored value,"for complete rows, 0 means not selected; blank requires case-flow review",263,212,2,Not reported,Perceived motivations; not causal drivers,public instrument documentation; no respondent values
47,G01Q05[SQ003comment],adoption_reason_customer_experience_personalisation_comment,G01Q05,5,2,ADOPTION OF AI TECHNOLOGIES,free-text or comment field,,,,"Care sunt principalele motive pentru care luați (ați luat) în considerare adoptarea unei soluții AI în compania dvs.? Context: Companiile adoptă AI din diverse motive strategice și operaționale, cum ar fi reducerea costurilor, creșterea eficienței, obținerea unui avantaj competitiv, îmbunătățirea experienței clienților și sprijinirea deciziilor bazate pe date. Oportunități: Aceste motive pot conduce la îmbunătățiri semnificative în productivitate și profitabilitate. Provocări: Accentul prea mare pe reducerea costurilor poate afecta investițiile în capitalul uman și inovația. Se pot alege mai multe răspunsuri: [Experiență îmbunătățită pentru clienți & personalizarea unor servicii][Comentariu]",multiple-response checklist with selected-option comments,nominal multiple-response checklist,UTF-8 text,,blank = no comment or open-text response recorded,151,123,151,Not reported,Perceived motivations; not causal drivers,"manual disclosure review, redaction, language identification and translation required"
48,G01Q05[SQ004],adoption_reason_data_informed_decisions,G01Q05,5,2,ADOPTION OF AI TECHNOLOGIES,multiple-response option flag,SQ004,Facilitarea deciziilor bazate pe date,Support for data-informed decision-making,"Care sunt principalele motive pentru care luați (ați luat) în considerare adoptarea unei soluții AI în compania dvs.? Context: Companiile adoptă AI din diverse motive strategice și operaționale, cum ar fi reducerea costurilor, creșterea eficienței, obținerea unui avantaj competitiv, îmbunătățirea experienței clienților și sprijinirea deciziilor bazate pe date. Oportunități: Aceste motive pot conduce la îmbunătățiri semnificative în productivitate și profitabilitate. Provocări: Accentul prea mare pe reducerea costurilor poate afecta investițiile în capitalul uman și inovația. Se pot alege mai multe răspunsuri: [Facilitarea deciziilor bazate pe date]",multiple-response checklist with selected-option comments,nominal multiple-response checklist,binary coded text,1 = selected; 0 = not selected; blank = no stored value,"for complete rows, 0 means not selected; blank requires case-flow review",263,212,2,Not reported,Perceived motivations; not causal drivers,public instrument documentation; no respondent values
49,G01Q05[SQ004comment],adoption_reason_data_informed_decisions_comment,G01Q05,5,2,ADOPTION OF AI TECHNOLOGIES,free-text or comment field,,,,"Care sunt principalele motive pentru care luați (ați luat) în considerare adoptarea unei soluții AI în compania dvs.? Context: Companiile adoptă AI din diverse motive strategice și operaționale, cum ar fi reducerea costurilor, creșterea eficienței, obținerea unui avantaj competitiv, îmbunătățirea experienței clienților și sprijinirea deciziilor bazate pe date. Oportunități: Aceste motive pot conduce la îmbunătățiri semnificative în productivitate și profitabilitate. Provocări: Accentul prea mare pe reducerea costurilor poate afecta investițiile în capitalul uman și inovația. Se pot alege mai multe răspunsuri: [Facilitarea deciziilor bazate pe date][Comentariu]",multiple-response checklist with selected-option comments,nominal multiple-response checklist,UTF-8 text,,blank = no comment or open-text response recorded,220,181,219,Not reported,Perceived motivations; not causal drivers,"manual disclosure review, redaction, language identification and translation required"
50,G01Q05[SQ005],adoption_reason_other,G01Q05,5,2,ADOPTION OF AI TECHNOLOGIES,multiple-response option flag,SQ005,Altul (vă rugăm să specificați),Other (please specify),"Care sunt principalele motive pentru care luați (ați luat) în considerare adoptarea unei soluții AI în compania dvs.? Context: Companiile adoptă AI din diverse motive strategice și operaționale, cum ar fi reducerea costurilor, creșterea eficienței, obținerea unui avantaj competitiv, îmbunătățirea experienței clienților și sprijinirea deciziilor bazate pe date. Oportunități: Aceste motive pot conduce la îmbunătățiri semnificative în productivitate și profitabilitate. Provocări: Accentul prea mare pe reducerea costurilor poate afecta investițiile în capitalul uman și inovația. Se pot alege mai multe răspunsuri: [Altul (vă rugăm să specificați)]",multiple-response checklist with selected-option comments,nominal multiple-response checklist,binary coded text,1 = selected; 0 = not selected; blank = no stored value,"for complete rows, 0 means not selected; blank requires case-flow review",263,212,2,Not reported,Perceived motivations; not causal drivers,public instrument documentation; no respondent values
51,G01Q05[SQ005comment],adoption_reason_other_comment,G01Q05,5,2,ADOPTION OF AI TECHNOLOGIES,free-text or comment field,,,,"Care sunt principalele motive pentru care luați (ați luat) în considerare adoptarea unei soluții AI în compania dvs.? Context: Companiile adoptă AI din diverse motive strategice și operaționale, cum ar fi reducerea costurilor, creșterea eficienței, obținerea unui avantaj competitiv, îmbunătățirea experienței clienților și sprijinirea deciziilor bazate pe date. Oportunități: Aceste motive pot conduce la îmbunătățiri semnificative în productivitate și profitabilitate. Provocări: Accentul prea mare pe reducerea costurilor poate afecta investițiile în capitalul uman și inovația. Se pot alege mai multe răspunsuri: [Altul (vă rugăm să specificați)][Comentariu]",multiple-response checklist with selected-option comments,nominal multiple-response checklist,UTF-8 text,,blank = no comment or open-text response recorded,70,56,70,Not reported,Perceived motivations; not causal drivers,"manual disclosure review, redaction, language identification and translation required"
52,G01Q06[SQ001],adoption_barrier_implementation_cost,G01Q06,6,3,CHALLENGES IN AI IMPLEMENTATION,multiple-response option flag,SQ001,Costuri mari de implementare,High implementation costs,"Care sunt (au fost) cele mai mari bariere în adoptarea AI în compania dvs.? Context: Identificarea principalelor dificultăți în adoptarea AI ne ajută să înțelegem provocările cu care se confruntă companiile. Barierele comune includ costurile mari inițiale, lipsa de expertiză tehnică, incertitudinea privind ROI, problemele de reglementare și rezistența angajaților la schimbări. Oportunități: Recunoașterea acestor bariere este primul pas pentru dezvoltarea unor strategii eficinte/țintite de depășire a lor. Provocări: Unele bariere pot fi dificil de depășit, cum ar fi reglementările stricte sau rezistența culturală. Se pot alege mai multe răspunsuri: [Costuri mari de implementare]",multiple-response checklist with selected-option comments,nominal multiple-response checklist,binary coded text,1 = selected; 0 = not selected; blank = no stored value,"for complete rows, 0 means not selected; blank requires case-flow review",257,212,2,Used for descriptive reporting,Perceived constraints; no validated scale,public instrument documentation; no respondent values
53,G01Q06[SQ001comment],adoption_barrier_implementation_cost_comment,G01Q06,6,3,CHALLENGES IN AI IMPLEMENTATION,free-text or comment field,,,,"Care sunt (au fost) cele mai mari bariere în adoptarea AI în compania dvs.? Context: Identificarea principalelor dificultăți în adoptarea AI ne ajută să înțelegem provocările cu care se confruntă companiile. Barierele comune includ costurile mari inițiale, lipsa de expertiză tehnică, incertitudinea privind ROI, problemele de reglementare și rezistența angajaților la schimbări. Oportunități: Recunoașterea acestor bariere este primul pas pentru dezvoltarea unor strategii eficinte/țintite de depășire a lor. Provocări: Unele bariere pot fi dificil de depășit, cum ar fi reglementările stricte sau rezistența culturală. Se pot alege mai multe răspunsuri: [Costuri mari de implementare][Comentariu]",multiple-response checklist with selected-option comments,nominal multiple-response checklist,UTF-8 text,,blank = no comment or open-text response recorded,224,183,220,Used for descriptive reporting,Perceived constraints; no validated scale,"manual disclosure review, redaction, language identification and translation required"
54,G01Q06[SQ002],adoption_barrier_technical_expertise,G01Q06,6,3,CHALLENGES IN AI IMPLEMENTATION,multiple-response option flag,SQ002,Lipsa expertizei tehnice,Lack of technical expertise,"Care sunt (au fost) cele mai mari bariere în adoptarea AI în compania dvs.? Context: Identificarea principalelor dificultăți în adoptarea AI ne ajută să înțelegem provocările cu care se confruntă companiile. Barierele comune includ costurile mari inițiale, lipsa de expertiză tehnică, incertitudinea privind ROI, problemele de reglementare și rezistența angajaților la schimbări. Oportunități: Recunoașterea acestor bariere este primul pas pentru dezvoltarea unor strategii eficinte/țintite de depășire a lor. Provocări: Unele bariere pot fi dificil de depășit, cum ar fi reglementările stricte sau rezistența culturală. Se pot alege mai multe răspunsuri: [Lipsa expertizei tehnice]",multiple-response checklist with selected-option comments,nominal multiple-response checklist,binary coded text,1 = selected; 0 = not selected; blank = no stored value,"for complete rows, 0 means not selected; blank requires case-flow review",257,212,2,Used for descriptive reporting,Perceived constraints; no validated scale,public instrument documentation; no respondent values
55,G01Q06[SQ002comment],adoption_barrier_technical_expertise_comment,G01Q06,6,3,CHALLENGES IN AI IMPLEMENTATION,free-text or comment field,,,,"Care sunt (au fost) cele mai mari bariere în adoptarea AI în compania dvs.? Context: Identificarea principalelor dificultăți în adoptarea AI ne ajută să înțelegem provocările cu care se confruntă companiile. Barierele comune includ costurile mari inițiale, lipsa de expertiză tehnică, incertitudinea privind ROI, problemele de reglementare și rezistența angajaților la schimbări. Oportunități: Recunoașterea acestor bariere este primul pas pentru dezvoltarea unor strategii eficinte/țintite de depășire a lor. Provocări: Unele bariere pot fi dificil de depășit, cum ar fi reglementările stricte sau rezistența culturală. Se pot alege mai multe răspunsuri: [Lipsa expertizei tehnice][Comentariu]",multiple-response checklist with selected-option comments,nominal multiple-response checklist,UTF-8 text,,blank = no comment or open-text response recorded,200,163,200,Used for descriptive reporting,Perceived constraints; no validated scale,"manual disclosure review, redaction, language identification and translation required"
56,G01Q06[SQ003],adoption_barrier_impact_uncertainty,G01Q06,6,3,CHALLENGES IN AI IMPLEMENTATION,multiple-response option flag,SQ003,Incertitudini privind impactul AI,Uncertainty about the impact of AI,"Care sunt (au fost) cele mai mari bariere în adoptarea AI în compania dvs.? Context: Identificarea principalelor dificultăți în adoptarea AI ne ajută să înțelegem provocările cu care se confruntă companiile. Barierele comune includ costurile mari inițiale, lipsa de expertiză tehnică, incertitudinea privind ROI, problemele de reglementare și rezistența angajaților la schimbări. Oportunități: Recunoașterea acestor bariere este primul pas pentru dezvoltarea unor strategii eficinte/țintite de depășire a lor. Provocări: Unele bariere pot fi dificil de depășit, cum ar fi reglementările stricte sau rezistența culturală. Se pot alege mai multe răspunsuri: [Incertitudini privind impactul AI]",multiple-response checklist with selected-option comments,nominal multiple-response checklist,binary coded text,1 = selected; 0 = not selected; blank = no stored value,"for complete rows, 0 means not selected; blank requires case-flow review",257,212,2,Used for descriptive reporting,Perceived constraints; no validated scale,public instrument documentation; no respondent values
57,G01Q06[SQ003comment],adoption_barrier_impact_uncertainty_comment,G01Q06,6,3,CHALLENGES IN AI IMPLEMENTATION,free-text or comment field,,,,"Care sunt (au fost) cele mai mari bariere în adoptarea AI în compania dvs.? Context: Identificarea principalelor dificultăți în adoptarea AI ne ajută să înțelegem provocările cu care se confruntă companiile. Barierele comune includ costurile mari inițiale, lipsa de expertiză tehnică, incertitudinea privind ROI, problemele de reglementare și rezistența angajaților la schimbări. Oportunități: Recunoașterea acestor bariere este primul pas pentru dezvoltarea unor strategii eficinte/țintite de depășire a lor. Provocări: Unele bariere pot fi dificil de depășit, cum ar fi reglementările stricte sau rezistența culturală. Se pot alege mai multe răspunsuri: [Incertitudini privind impactul AI][Comentariu]",multiple-response checklist with selected-option comments,nominal multiple-response checklist,UTF-8 text,,blank = no comment or open-text response recorded,121,98,121,Used for descriptive reporting,Perceived constraints; no validated scale,"manual disclosure review, redaction, language identification and translation required"
58,G01Q06[SQ004],adoption_barrier_regulatory_ethical_concerns,G01Q06,6,3,CHALLENGES IN AI IMPLEMENTATION,multiple-response option flag,SQ004,Îngrijorări legate de reglementări sau etică,Regulatory or ethical concerns,"Care sunt (au fost) cele mai mari bariere în adoptarea AI în compania dvs.? Context: Identificarea principalelor dificultăți în adoptarea AI ne ajută să înțelegem provocările cu care se confruntă companiile. Barierele comune includ costurile mari inițiale, lipsa de expertiză tehnică, incertitudinea privind ROI, problemele de reglementare și rezistența angajaților la schimbări. Oportunități: Recunoașterea acestor bariere este primul pas pentru dezvoltarea unor strategii eficinte/țintite de depășire a lor. Provocări: Unele bariere pot fi dificil de depășit, cum ar fi reglementările stricte sau rezistența culturală. Se pot alege mai multe răspunsuri: [Îngrijorări legate de reglementări sau etică]",multiple-response checklist with selected-option comments,nominal multiple-response checklist,binary coded text,1 = selected; 0 = not selected; blank = no stored value,"for complete rows, 0 means not selected; blank requires case-flow review",257,212,2,Used for descriptive reporting,Perceived constraints; no validated scale,public instrument documentation; no respondent values
59,G01Q06[SQ004comment],adoption_barrier_regulatory_ethical_concerns_comment,G01Q06,6,3,CHALLENGES IN AI IMPLEMENTATION,free-text or comment field,,,,"Care sunt (au fost) cele mai mari bariere în adoptarea AI în compania dvs.? Context: Identificarea principalelor dificultăți în adoptarea AI ne ajută să înțelegem provocările cu care se confruntă companiile. Barierele comune includ costurile mari inițiale, lipsa de expertiză tehnică, incertitudinea privind ROI, problemele de reglementare și rezistența angajaților la schimbări. Oportunități: Recunoașterea acestor bariere este primul pas pentru dezvoltarea unor strategii eficinte/țintite de depășire a lor. Provocări: Unele bariere pot fi dificil de depășit, cum ar fi reglementările stricte sau rezistența culturală. Se pot alege mai multe răspunsuri: [Îngrijorări legate de reglementări sau etică][Comentariu]",multiple-response checklist with selected-option comments,nominal multiple-response checklist,UTF-8 text,,blank = no comment or open-text response recorded,145,122,145,Used for descriptive reporting,Perceived constraints; no validated scale,"manual disclosure review, redaction, language identification and translation required"
60,G01Q06[SQ005],adoption_barrier_employee_resistance,G01Q06,6,3,CHALLENGES IN AI IMPLEMENTATION,multiple-response option flag,SQ005,Rezistență din partea angajaților,Employee resistance,"Care sunt (au fost) cele mai mari bariere în adoptarea AI în compania dvs.? Context: Identificarea principalelor dificultăți în adoptarea AI ne ajută să înțelegem provocările cu care se confruntă companiile. Barierele comune includ costurile mari inițiale, lipsa de expertiză tehnică, incertitudinea privind ROI, problemele de reglementare și rezistența angajaților la schimbări. Oportunități: Recunoașterea acestor bariere este primul pas pentru dezvoltarea unor strategii eficinte/țintite de depășire a lor. Provocări: Unele bariere pot fi dificil de depășit, cum ar fi reglementările stricte sau rezistența culturală. Se pot alege mai multe răspunsuri: [Rezistență din partea angajaților]",multiple-response checklist with selected-option comments,nominal multiple-response checklist,binary coded text,1 = selected; 0 = not selected; blank = no stored value,"for complete rows, 0 means not selected; blank requires case-flow review",257,212,2,Used for descriptive reporting,Perceived constraints; no validated scale,public instrument documentation; no respondent values
61,G01Q06[SQ005comment],adoption_barrier_employee_resistance_comment,G01Q06,6,3,CHALLENGES IN AI IMPLEMENTATION,free-text or comment field,,,,"Care sunt (au fost) cele mai mari bariere în adoptarea AI în compania dvs.? Context: Identificarea principalelor dificultăți în adoptarea AI ne ajută să înțelegem provocările cu care se confruntă companiile. Barierele comune includ costurile mari inițiale, lipsa de expertiză tehnică, incertitudinea privind ROI, problemele de reglementare și rezistența angajaților la schimbări. Oportunități: Recunoașterea acestor bariere este primul pas pentru dezvoltarea unor strategii eficinte/țintite de depășire a lor. Provocări: Unele bariere pot fi dificil de depășit, cum ar fi reglementările stricte sau rezistența culturală. Se pot alege mai multe răspunsuri: [Rezistență din partea angajaților][Comentariu]",multiple-response checklist with selected-option comments,nominal multiple-response checklist,UTF-8 text,,blank = no comment or open-text response recorded,110,93,109,Used for descriptive reporting,Perceived constraints; no validated scale,"manual disclosure review, redaction, language identification and translation required"
62,G01Q06[SQ006],adoption_barrier_technology_maturity,G01Q06,6,3,CHALLENGES IN AI IMPLEMENTATION,multiple-response option flag,SQ006,Nivelul de maturitate al noilor tehnologii este inca scazut,The maturity of new technologies remains low,"Care sunt (au fost) cele mai mari bariere în adoptarea AI în compania dvs.? Context: Identificarea principalelor dificultăți în adoptarea AI ne ajută să înțelegem provocările cu care se confruntă companiile. Barierele comune includ costurile mari inițiale, lipsa de expertiză tehnică, incertitudinea privind ROI, problemele de reglementare și rezistența angajaților la schimbări. Oportunități: Recunoașterea acestor bariere este primul pas pentru dezvoltarea unor strategii eficinte/țintite de depășire a lor. Provocări: Unele bariere pot fi dificil de depășit, cum ar fi reglementările stricte sau rezistența culturală. Se pot alege mai multe răspunsuri: [Nivelul de maturitate al noilor tehnologii este inca scazut]",multiple-response checklist with selected-option comments,nominal multiple-response checklist,binary coded text,1 = selected; 0 = not selected; blank = no stored value,"for complete rows, 0 means not selected; blank requires case-flow review",257,212,2,Used for descriptive reporting,Perceived constraints; no validated scale,public instrument documentation; no respondent values
63,G01Q06[SQ006comment],adoption_barrier_technology_maturity_comment,G01Q06,6,3,CHALLENGES IN AI IMPLEMENTATION,free-text or comment field,,,,"Care sunt (au fost) cele mai mari bariere în adoptarea AI în compania dvs.? Context: Identificarea principalelor dificultăți în adoptarea AI ne ajută să înțelegem provocările cu care se confruntă companiile. Barierele comune includ costurile mari inițiale, lipsa de expertiză tehnică, incertitudinea privind ROI, problemele de reglementare și rezistența angajaților la schimbări. Oportunități: Recunoașterea acestor bariere este primul pas pentru dezvoltarea unor strategii eficinte/țintite de depășire a lor. Provocări: Unele bariere pot fi dificil de depășit, cum ar fi reglementările stricte sau rezistența culturală. Se pot alege mai multe răspunsuri: [Nivelul de maturitate al noilor tehnologii este inca scazut][Comentariu]",multiple-response checklist with selected-option comments,nominal multiple-response checklist,UTF-8 text,,blank = no comment or open-text response recorded,66,50,66,Used for descriptive reporting,Perceived constraints; no validated scale,"manual disclosure review, redaction, language identification and translation required"
64,G01Q07,expected_employment_effect,G01Q07,7,4,AI AND THE IMPACT ON EMPLOYMENT,single-choice structured response,,,,"Cum credeți că AI va afecta dinamica locurilor de muncă în domeniul dvs.? Context: Există dezbateri privind impactul AI asupra locurilor de muncă: unii consideră că AI va automatiza sarcinile repetitive și va crea noi oportunități (în domenii precum mentenanța și supravegherea AI), în timp ce alții se tem de o eliminare masivă a joburilor. Oportunități: AI ar putea elibera din timpul angajaților, pentru a se concentra pe activități mai creative și cu valoare adăugată. Provocări: Automatizarea rapidă ar putea depăși viteza de apariție a unor noi locuri de muncă, conducând la șomaj structural.",single choice with a global explanatory comment,nominal categorical expectation item,categorical code stored as text,"AO01 = AI implementation will create more jobs than it displaces | AO02 = AI will displace more jobs than it creates | AO03 = AI will not have a substantial effect on employment in my field of business | AO04 = AI will transform existing roles, but will not eliminate them",blank = no category recorded,256,212,4,Not reported,Expectation rather than observed employment outcome,public instrument documentation; no respondent values
65,G01Q07[comment],expected_employment_effect_comment,G01Q07,7,4,AI AND THE IMPACT ON EMPLOYMENT,free-text or comment field,,,,"Cum credeți că AI va afecta dinamica locurilor de muncă în domeniul dvs.? Context: Există dezbateri privind impactul AI asupra locurilor de muncă: unii consideră că AI va automatiza sarcinile repetitive și va crea noi oportunități (în domenii precum mentenanța și supravegherea AI), în timp ce alții se tem de o eliminare masivă a joburilor. Oportunități: AI ar putea elibera din timpul angajaților, pentru a se concentra pe activități mai creative și cu valoare adăugată. Provocări: Automatizarea rapidă ar putea depăși viteza de apariție a unor noi locuri de muncă, conducând la șomaj structural. [Comentariu]",single choice with a global explanatory comment,nominal categorical expectation item,UTF-8 text,,blank = no comment or open-text response recorded,239,200,239,Not reported,Expectation rather than observed employment outcome,"manual disclosure review, redaction, language identification and translation required"
66,G04Q08[SQ001],workforce_measure_internal_training,G04Q08,8,4,AI AND THE IMPACT ON EMPLOYMENT,multiple-response option flag,SQ001,Programe (interne) de mentorat/instruire în utilizarea AI pentru angajați,Internal mentoring or training programmes on employee use of AI,"Ce măsuri ia (ar lua) compania dvs. pentru a-și pregăti angajații pentru integrarea AI? Context: Adoptarea cu succes a soluțiilor AI, necesită pregătirea angajaților prin programe de perfecționare și recalificare. Companiile care investesc în formarea continuă a angajaților pot integra AI mult mai eficient. Oportunități: Programele proactive de instruire pot ușura tranziția și pot reduce perturbările în forța de muncă. Provocări: Programele de recalificare necesită investiții semnificative și rezultate se pot vedea doar pe termen lung. Se pot alege mai multe răspunsuri: [Programe (interne) de mentorat/instruire în utilizarea AI pentru angajați]",multiple-response checklist with selected-option comments,nominal multiple-response checklist,binary coded text,1 = selected; 0 = not selected; blank = no stored value,"for complete rows, 0 means not selected; blank requires case-flow review",253,212,2,Used for descriptive reporting,Overlapping selections; “no measures” can coexist with positive options,public instrument documentation; no respondent values
67,G04Q08[SQ001comment],workforce_measure_internal_training_comment,G04Q08,8,4,AI AND THE IMPACT ON EMPLOYMENT,free-text or comment field,,,,"Ce măsuri ia (ar lua) compania dvs. pentru a-și pregăti angajații pentru integrarea AI? Context: Adoptarea cu succes a soluțiilor AI, necesită pregătirea angajaților prin programe de perfecționare și recalificare. Companiile care investesc în formarea continuă a angajaților pot integra AI mult mai eficient. Oportunități: Programele proactive de instruire pot ușura tranziția și pot reduce perturbările în forța de muncă. Provocări: Programele de recalificare necesită investiții semnificative și rezultate se pot vedea doar pe termen lung. Se pot alege mai multe răspunsuri: [Programe (interne) de mentorat/instruire în utilizarea AI pentru angajați][Comentariu]",multiple-response checklist with selected-option comments,nominal multiple-response checklist,UTF-8 text,,blank = no comment or open-text response recorded,168,143,168,Used for descriptive reporting,Overlapping selections; “no measures” can coexist with positive options,"manual disclosure review, redaction, language identification and translation required"
68,G04Q08[SQ003],workforce_measure_no_specific_measures,G04Q08,8,4,AI AND THE IMPACT ON EMPLOYMENT,multiple-response option flag,SQ003,Nu avem încă măsuri specifice,We do not yet have specific measures,"Ce măsuri ia (ar lua) compania dvs. pentru a-și pregăti angajații pentru integrarea AI? Context: Adoptarea cu succes a soluțiilor AI, necesită pregătirea angajaților prin programe de perfecționare și recalificare. Companiile care investesc în formarea continuă a angajaților pot integra AI mult mai eficient. Oportunități: Programele proactive de instruire pot ușura tranziția și pot reduce perturbările în forța de muncă. Provocări: Programele de recalificare necesită investiții semnificative și rezultate se pot vedea doar pe termen lung. Se pot alege mai multe răspunsuri: [Nu avem încă măsuri specifice]",multiple-response checklist with selected-option comments,nominal multiple-response checklist,binary coded text,1 = selected; 0 = not selected; blank = no stored value,"for complete rows, 0 means not selected; blank requires case-flow review",253,212,2,Used for descriptive reporting,Overlapping selections; “no measures” can coexist with positive options,public instrument documentation; no respondent values
69,G04Q08[SQ003comment],workforce_measure_no_specific_measures_comment,G04Q08,8,4,AI AND THE IMPACT ON EMPLOYMENT,free-text or comment field,,,,"Ce măsuri ia (ar lua) compania dvs. pentru a-și pregăti angajații pentru integrarea AI? Context: Adoptarea cu succes a soluțiilor AI, necesită pregătirea angajaților prin programe de perfecționare și recalificare. Companiile care investesc în formarea continuă a angajaților pot integra AI mult mai eficient. Oportunități: Programele proactive de instruire pot ușura tranziția și pot reduce perturbările în forța de muncă. Provocări: Programele de recalificare necesită investiții semnificative și rezultate se pot vedea doar pe termen lung. Se pot alege mai multe răspunsuri: [Nu avem încă măsuri specifice][Comentariu]",multiple-response checklist with selected-option comments,nominal multiple-response checklist,UTF-8 text,,blank = no comment or open-text response recorded,60,49,59,Used for descriptive reporting,Overlapping selections; “no measures” can coexist with positive options,"manual disclosure review, redaction, language identification and translation required"
70,G04Q08[SQ006],workforce_measure_tool_subscriptions,G04Q08,8,4,AI AND THE IMPACT ON EMPLOYMENT,multiple-response option flag,SQ006,"Abonamente (suportate de angajator) pentru unelte specifice: Copilot, CodiumAI, ChatGPT etc","Employer-funded subscriptions to specific tools such as Copilot, CodiumAI and ChatGPT","Ce măsuri ia (ar lua) compania dvs. pentru a-și pregăti angajații pentru integrarea AI? Context: Adoptarea cu succes a soluțiilor AI, necesită pregătirea angajaților prin programe de perfecționare și recalificare. Companiile care investesc în formarea continuă a angajaților pot integra AI mult mai eficient. Oportunități: Programele proactive de instruire pot ușura tranziția și pot reduce perturbările în forța de muncă. Provocări: Programele de recalificare necesită investiții semnificative și rezultate se pot vedea doar pe termen lung. Se pot alege mai multe răspunsuri: [Abonamente (suportate de angajator) pentru unelte specifice: Copilot, CodiumAI, ChatGPT etc]",multiple-response checklist with selected-option comments,nominal multiple-response checklist,binary coded text,1 = selected; 0 = not selected; blank = no stored value,"for complete rows, 0 means not selected; blank requires case-flow review",253,212,2,Used for descriptive reporting,Overlapping selections; “no measures” can coexist with positive options,public instrument documentation; no respondent values
71,G04Q08[SQ006comment],workforce_measure_tool_subscriptions_comment,G04Q08,8,4,AI AND THE IMPACT ON EMPLOYMENT,free-text or comment field,,,,"Ce măsuri ia (ar lua) compania dvs. pentru a-și pregăti angajații pentru integrarea AI? Context: Adoptarea cu succes a soluțiilor AI, necesită pregătirea angajaților prin programe de perfecționare și recalificare. Companiile care investesc în formarea continuă a angajaților pot integra AI mult mai eficient. Oportunități: Programele proactive de instruire pot ușura tranziția și pot reduce perturbările în forța de muncă. Provocări: Programele de recalificare necesită investiții semnificative și rezultate se pot vedea doar pe termen lung. Se pot alege mai multe răspunsuri: [Abonamente (suportate de angajator) pentru unelte specifice: Copilot, CodiumAI, ChatGPT etc][Comentariu]",multiple-response checklist with selected-option comments,nominal multiple-response checklist,UTF-8 text,,blank = no comment or open-text response recorded,58,49,58,Used for descriptive reporting,Overlapping selections; “no measures” can coexist with positive options,"manual disclosure review, redaction, language identification and translation required"
72,G04Q08[SQ007],workforce_measure_course_reimbursement,G04Q08,8,4,AI AND THE IMPACT ON EMPLOYMENT,multiple-response option flag,SQ007,Decontarea unor certificări/cursuri online de instruire în utilizarea AI pentru angajați,Reimbursement of certifications or online courses on employee use of AI,"Ce măsuri ia (ar lua) compania dvs. pentru a-și pregăti angajații pentru integrarea AI? Context: Adoptarea cu succes a soluțiilor AI, necesită pregătirea angajaților prin programe de perfecționare și recalificare. Companiile care investesc în formarea continuă a angajaților pot integra AI mult mai eficient. Oportunități: Programele proactive de instruire pot ușura tranziția și pot reduce perturbările în forța de muncă. Provocări: Programele de recalificare necesită investiții semnificative și rezultate se pot vedea doar pe termen lung. Se pot alege mai multe răspunsuri: [Decontarea unor certificări/cursuri online de instruire în utilizarea AI pentru angajați]",multiple-response checklist with selected-option comments,nominal multiple-response checklist,binary coded text,1 = selected; 0 = not selected; blank = no stored value,"for complete rows, 0 means not selected; blank requires case-flow review",253,212,2,Used for descriptive reporting,Overlapping selections; “no measures” can coexist with positive options,public instrument documentation; no respondent values
73,G04Q08[SQ007comment],workforce_measure_course_reimbursement_comment,G04Q08,8,4,AI AND THE IMPACT ON EMPLOYMENT,free-text or comment field,,,,"Ce măsuri ia (ar lua) compania dvs. pentru a-și pregăti angajații pentru integrarea AI? Context: Adoptarea cu succes a soluțiilor AI, necesită pregătirea angajaților prin programe de perfecționare și recalificare. Companiile care investesc în formarea continuă a angajaților pot integra AI mult mai eficient. Oportunități: Programele proactive de instruire pot ușura tranziția și pot reduce perturbările în forța de muncă. Provocări: Programele de recalificare necesită investiții semnificative și rezultate se pot vedea doar pe termen lung. Se pot alege mai multe răspunsuri: [Decontarea unor certificări/cursuri online de instruire în utilizarea AI pentru angajați][Comentariu]",multiple-response checklist with selected-option comments,nominal multiple-response checklist,UTF-8 text,,blank = no comment or open-text response recorded,167,144,166,Used for descriptive reporting,Overlapping selections; “no measures” can coexist with positive options,"manual disclosure review, redaction, language identification and translation required"
74,G04Q08[SQ008],workforce_measure_external_consultants,G04Q08,8,4,AI AND THE IMPACT ON EMPLOYMENT,multiple-response option flag,SQ008,Angajarea unor consultanți externi pentru certificări/cursuri de instruire în utilizarea AI pentru angajați,External consultants for certifications or training on employee use of AI,"Ce măsuri ia (ar lua) compania dvs. pentru a-și pregăti angajații pentru integrarea AI? Context: Adoptarea cu succes a soluțiilor AI, necesită pregătirea angajaților prin programe de perfecționare și recalificare. Companiile care investesc în formarea continuă a angajaților pot integra AI mult mai eficient. Oportunități: Programele proactive de instruire pot ușura tranziția și pot reduce perturbările în forța de muncă. Provocări: Programele de recalificare necesită investiții semnificative și rezultate se pot vedea doar pe termen lung. Se pot alege mai multe răspunsuri: [Angajarea unor consultanți externi pentru certificări/cursuri de instruire în utilizarea AI pentru angajați]",multiple-response checklist with selected-option comments,nominal multiple-response checklist,binary coded text,1 = selected; 0 = not selected; blank = no stored value,"for complete rows, 0 means not selected; blank requires case-flow review",253,212,2,Used for descriptive reporting,Overlapping selections; “no measures” can coexist with positive options,public instrument documentation; no respondent values
75,G04Q08[SQ008comment],workforce_measure_external_consultants_comment,G04Q08,8,4,AI AND THE IMPACT ON EMPLOYMENT,free-text or comment field,,,,"Ce măsuri ia (ar lua) compania dvs. pentru a-și pregăti angajații pentru integrarea AI? Context: Adoptarea cu succes a soluțiilor AI, necesită pregătirea angajaților prin programe de perfecționare și recalificare. Companiile care investesc în formarea continuă a angajaților pot integra AI mult mai eficient. Oportunități: Programele proactive de instruire pot ușura tranziția și pot reduce perturbările în forța de muncă. Provocări: Programele de recalificare necesită investiții semnificative și rezultate se pot vedea doar pe termen lung. Se pot alege mai multe răspunsuri: [Angajarea unor consultanți externi pentru certificări/cursuri de instruire în utilizarea AI pentru angajați][Comentariu]",multiple-response checklist with selected-option comments,nominal multiple-response checklist,UTF-8 text,,blank = no comment or open-text response recorded,81,69,81,Used for descriptive reporting,Overlapping selections; “no measures” can coexist with positive options,"manual disclosure review, redaction, language identification and translation required"
76,G04Q08[SQ009],workforce_measure_university_partnerships,G04Q08,8,4,AI AND THE IMPACT ON EMPLOYMENT,multiple-response option flag,SQ009,Parteneriate cu universități pentru instruirea angajaților în utilizarea AI,Partnerships with universities for employee training in AI use,"Ce măsuri ia (ar lua) compania dvs. pentru a-și pregăti angajații pentru integrarea AI? Context: Adoptarea cu succes a soluțiilor AI, necesită pregătirea angajaților prin programe de perfecționare și recalificare. Companiile care investesc în formarea continuă a angajaților pot integra AI mult mai eficient. Oportunități: Programele proactive de instruire pot ușura tranziția și pot reduce perturbările în forța de muncă. Provocări: Programele de recalificare necesită investiții semnificative și rezultate se pot vedea doar pe termen lung. Se pot alege mai multe răspunsuri: [Parteneriate cu universități pentru instruirea angajaților în utilizarea AI ]",multiple-response checklist with selected-option comments,nominal multiple-response checklist,binary coded text,1 = selected; 0 = not selected; blank = no stored value,"for complete rows, 0 means not selected; blank requires case-flow review",253,212,2,Used for descriptive reporting,Overlapping selections; “no measures” can coexist with positive options,public instrument documentation; no respondent values
77,G04Q08[SQ009comment],workforce_measure_university_partnerships_comment,G04Q08,8,4,AI AND THE IMPACT ON EMPLOYMENT,free-text or comment field,,,,"Ce măsuri ia (ar lua) compania dvs. pentru a-și pregăti angajații pentru integrarea AI? Context: Adoptarea cu succes a soluțiilor AI, necesită pregătirea angajaților prin programe de perfecționare și recalificare. Companiile care investesc în formarea continuă a angajaților pot integra AI mult mai eficient. Oportunități: Programele proactive de instruire pot ușura tranziția și pot reduce perturbările în forța de muncă. Provocări: Programele de recalificare necesită investiții semnificative și rezultate se pot vedea doar pe termen lung. Se pot alege mai multe răspunsuri: [Parteneriate cu universități pentru instruirea angajaților în utilizarea AI ][Comentariu]",multiple-response checklist with selected-option comments,nominal multiple-response checklist,UTF-8 text,,blank = no comment or open-text response recorded,143,121,143,Used for descriptive reporting,Overlapping selections; “no measures” can coexist with positive options,"manual disclosure review, redaction, language identification and translation required"
78,G05Q09[SQ001],potential_application_process_automation,G05Q09,9,5,AI IN THE FUTURE OF BUSINESS,multiple-response option flag,SQ001,Automatizarea proceselor,Process automation,"În ce aplicații AI vedeți cel mai mare potențial pentru valoare adăugată în afaceri? Context: AI are multiple aplicații care pot transforma operațiunile de afaceri. Unele domenii, cum ar fi automatizarea proceselor sau chatboții în serviciile pentru clienți, pot oferi beneficii imediate. Altele, cum ar fi analizele AI, pot crea avantaje competitive pe termen lung. Oportunități: Aplicațiile AI bine direcționate pot aduce îmbunătățiri operaționale semnificative și economii de costuri. Provocări: Investițiile greșit direcționate în AI pot conduce la rezultate sub așteptări (ex. .construirea unor solutii ""in-house"" vs integrarea unor soluții ""la cheie"") Se pot alege mai multe răspunsuri: [Automatizarea proceselor]",multiple-response checklist with selected-option comments,nominal multiple-response checklist,binary coded text,1 = selected; 0 = not selected; blank = no stored value,"for complete rows, 0 means not selected; blank requires case-flow review",250,212,2,Not reported,Perceived opportunities,public instrument documentation; no respondent values
79,G05Q09[SQ001comment],potential_application_process_automation_comment,G05Q09,9,5,AI IN THE FUTURE OF BUSINESS,free-text or comment field,,,,"În ce aplicații AI vedeți cel mai mare potențial pentru valoare adăugată în afaceri? Context: AI are multiple aplicații care pot transforma operațiunile de afaceri. Unele domenii, cum ar fi automatizarea proceselor sau chatboții în serviciile pentru clienți, pot oferi beneficii imediate. Altele, cum ar fi analizele AI, pot crea avantaje competitive pe termen lung. Oportunități: Aplicațiile AI bine direcționate pot aduce îmbunătățiri operaționale semnificative și economii de costuri. Provocări: Investițiile greșit direcționate în AI pot conduce la rezultate sub așteptări (ex. .construirea unor solutii ""in-house"" vs integrarea unor soluții ""la cheie"") Se pot alege mai multe răspunsuri: [Automatizarea proceselor][Comentariu]",multiple-response checklist with selected-option comments,nominal multiple-response checklist,UTF-8 text,,blank = no comment or open-text response recorded,225,190,224,Not reported,Perceived opportunities,"manual disclosure review, redaction, language identification and translation required"
80,G05Q09[SQ002],potential_application_analytics_forecasting,G05Q09,9,5,AI IN THE FUTURE OF BUSINESS,multiple-response option flag,SQ002,Analize și prognoze bazate pe AI,AI-based analytics and forecasting,"În ce aplicații AI vedeți cel mai mare potențial pentru valoare adăugată în afaceri? Context: AI are multiple aplicații care pot transforma operațiunile de afaceri. Unele domenii, cum ar fi automatizarea proceselor sau chatboții în serviciile pentru clienți, pot oferi beneficii imediate. Altele, cum ar fi analizele AI, pot crea avantaje competitive pe termen lung. Oportunități: Aplicațiile AI bine direcționate pot aduce îmbunătățiri operaționale semnificative și economii de costuri. Provocări: Investițiile greșit direcționate în AI pot conduce la rezultate sub așteptări (ex. .construirea unor solutii ""in-house"" vs integrarea unor soluții ""la cheie"") Se pot alege mai multe răspunsuri: [Analize și prognoze bazate pe AI]",multiple-response checklist with selected-option comments,nominal multiple-response checklist,binary coded text,1 = selected; 0 = not selected; blank = no stored value,"for complete rows, 0 means not selected; blank requires case-flow review",250,212,2,Not reported,Perceived opportunities,public instrument documentation; no respondent values
81,G05Q09[SQ002comment],potential_application_analytics_forecasting_comment,G05Q09,9,5,AI IN THE FUTURE OF BUSINESS,free-text or comment field,,,,"În ce aplicații AI vedeți cel mai mare potențial pentru valoare adăugată în afaceri? Context: AI are multiple aplicații care pot transforma operațiunile de afaceri. Unele domenii, cum ar fi automatizarea proceselor sau chatboții în serviciile pentru clienți, pot oferi beneficii imediate. Altele, cum ar fi analizele AI, pot crea avantaje competitive pe termen lung. Oportunități: Aplicațiile AI bine direcționate pot aduce îmbunătățiri operaționale semnificative și economii de costuri. Provocări: Investițiile greșit direcționate în AI pot conduce la rezultate sub așteptări (ex. .construirea unor solutii ""in-house"" vs integrarea unor soluții ""la cheie"") Se pot alege mai multe răspunsuri: [Analize și prognoze bazate pe AI][Comentariu]",multiple-response checklist with selected-option comments,nominal multiple-response checklist,UTF-8 text,,blank = no comment or open-text response recorded,232,197,230,Not reported,Perceived opportunities,"manual disclosure review, redaction, language identification and translation required"
82,G05Q09[SQ003],potential_application_customer_service_chatbots,G05Q09,9,5,AI IN THE FUTURE OF BUSINESS,multiple-response option flag,SQ003,Chatbot-uri pentru servicii clienți,Customer-service chatbots,"În ce aplicații AI vedeți cel mai mare potențial pentru valoare adăugată în afaceri? Context: AI are multiple aplicații care pot transforma operațiunile de afaceri. Unele domenii, cum ar fi automatizarea proceselor sau chatboții în serviciile pentru clienți, pot oferi beneficii imediate. Altele, cum ar fi analizele AI, pot crea avantaje competitive pe termen lung. Oportunități: Aplicațiile AI bine direcționate pot aduce îmbunătățiri operaționale semnificative și economii de costuri. Provocări: Investițiile greșit direcționate în AI pot conduce la rezultate sub așteptări (ex. .construirea unor solutii ""in-house"" vs integrarea unor soluții ""la cheie"") Se pot alege mai multe răspunsuri: [Chatbot-uri pentru servicii clienți]",multiple-response checklist with selected-option comments,nominal multiple-response checklist,binary coded text,1 = selected; 0 = not selected; blank = no stored value,"for complete rows, 0 means not selected; blank requires case-flow review",250,212,2,Not reported,Perceived opportunities,public instrument documentation; no respondent values
83,G05Q09[SQ003comment],potential_application_customer_service_chatbots_comment,G05Q09,9,5,AI IN THE FUTURE OF BUSINESS,free-text or comment field,,,,"În ce aplicații AI vedeți cel mai mare potențial pentru valoare adăugată în afaceri? Context: AI are multiple aplicații care pot transforma operațiunile de afaceri. Unele domenii, cum ar fi automatizarea proceselor sau chatboții în serviciile pentru clienți, pot oferi beneficii imediate. Altele, cum ar fi analizele AI, pot crea avantaje competitive pe termen lung. Oportunități: Aplicațiile AI bine direcționate pot aduce îmbunătățiri operaționale semnificative și economii de costuri. Provocări: Investițiile greșit direcționate în AI pot conduce la rezultate sub așteptări (ex. .construirea unor solutii ""in-house"" vs integrarea unor soluții ""la cheie"") Se pot alege mai multe răspunsuri: [Chatbot-uri pentru servicii clienți][Comentariu]",multiple-response checklist with selected-option comments,nominal multiple-response checklist,UTF-8 text,,blank = no comment or open-text response recorded,110,93,110,Not reported,Perceived opportunities,"manual disclosure review, redaction, language identification and translation required"
84,G05Q09[SQ004],potential_application_cybersecurity,G05Q09,9,5,AI IN THE FUTURE OF BUSINESS,multiple-response option flag,SQ004,Securitate cibernetică bazată pe AI,AI-based cybersecurity,"În ce aplicații AI vedeți cel mai mare potențial pentru valoare adăugată în afaceri? Context: AI are multiple aplicații care pot transforma operațiunile de afaceri. Unele domenii, cum ar fi automatizarea proceselor sau chatboții în serviciile pentru clienți, pot oferi beneficii imediate. Altele, cum ar fi analizele AI, pot crea avantaje competitive pe termen lung. Oportunități: Aplicațiile AI bine direcționate pot aduce îmbunătățiri operaționale semnificative și economii de costuri. Provocări: Investițiile greșit direcționate în AI pot conduce la rezultate sub așteptări (ex. .construirea unor solutii ""in-house"" vs integrarea unor soluții ""la cheie"") Se pot alege mai multe răspunsuri: [Securitate cibernetică bazată pe AI]",multiple-response checklist with selected-option comments,nominal multiple-response checklist,binary coded text,1 = selected; 0 = not selected; blank = no stored value,"for complete rows, 0 means not selected; blank requires case-flow review",250,212,2,Not reported,Perceived opportunities,public instrument documentation; no respondent values
85,G05Q09[SQ004comment],potential_application_cybersecurity_comment,G05Q09,9,5,AI IN THE FUTURE OF BUSINESS,free-text or comment field,,,,"În ce aplicații AI vedeți cel mai mare potențial pentru valoare adăugată în afaceri? Context: AI are multiple aplicații care pot transforma operațiunile de afaceri. Unele domenii, cum ar fi automatizarea proceselor sau chatboții în serviciile pentru clienți, pot oferi beneficii imediate. Altele, cum ar fi analizele AI, pot crea avantaje competitive pe termen lung. Oportunități: Aplicațiile AI bine direcționate pot aduce îmbunătățiri operaționale semnificative și economii de costuri. Provocări: Investițiile greșit direcționate în AI pot conduce la rezultate sub așteptări (ex. .construirea unor solutii ""in-house"" vs integrarea unor soluții ""la cheie"") Se pot alege mai multe răspunsuri: [Securitate cibernetică bazată pe AI][Comentariu]",multiple-response checklist with selected-option comments,nominal multiple-response checklist,UTF-8 text,,blank = no comment or open-text response recorded,65,54,65,Not reported,Perceived opportunities,"manual disclosure review, redaction, language identification and translation required"
86,G05Q09[SQ005],potential_application_marketing,G05Q09,9,5,AI IN THE FUTURE OF BUSINESS,multiple-response option flag,SQ005,Marketing îmbunătățit cu AI,AI-enhanced marketing,"În ce aplicații AI vedeți cel mai mare potențial pentru valoare adăugată în afaceri? Context: AI are multiple aplicații care pot transforma operațiunile de afaceri. Unele domenii, cum ar fi automatizarea proceselor sau chatboții în serviciile pentru clienți, pot oferi beneficii imediate. Altele, cum ar fi analizele AI, pot crea avantaje competitive pe termen lung. Oportunități: Aplicațiile AI bine direcționate pot aduce îmbunătățiri operaționale semnificative și economii de costuri. Provocări: Investițiile greșit direcționate în AI pot conduce la rezultate sub așteptări (ex. .construirea unor solutii ""in-house"" vs integrarea unor soluții ""la cheie"") Se pot alege mai multe răspunsuri: [Marketing îmbunătățit cu AI]",multiple-response checklist with selected-option comments,nominal multiple-response checklist,binary coded text,1 = selected; 0 = not selected; blank = no stored value,"for complete rows, 0 means not selected; blank requires case-flow review",250,212,2,Not reported,Perceived opportunities,public instrument documentation; no respondent values
87,G05Q09[SQ005comment],potential_application_marketing_comment,G05Q09,9,5,AI IN THE FUTURE OF BUSINESS,free-text or comment field,,,,"În ce aplicații AI vedeți cel mai mare potențial pentru valoare adăugată în afaceri? Context: AI are multiple aplicații care pot transforma operațiunile de afaceri. Unele domenii, cum ar fi automatizarea proceselor sau chatboții în serviciile pentru clienți, pot oferi beneficii imediate. Altele, cum ar fi analizele AI, pot crea avantaje competitive pe termen lung. Oportunități: Aplicațiile AI bine direcționate pot aduce îmbunătățiri operaționale semnificative și economii de costuri. Provocări: Investițiile greșit direcționate în AI pot conduce la rezultate sub așteptări (ex. .construirea unor solutii ""in-house"" vs integrarea unor soluții ""la cheie"") Se pot alege mai multe răspunsuri: [Marketing îmbunătățit cu AI][Comentariu]",multiple-response checklist with selected-option comments,nominal multiple-response checklist,UTF-8 text,,blank = no comment or open-text response recorded,67,56,67,Not reported,Perceived opportunities,"manual disclosure review, redaction, language identification and translation required"
88,G05Q09[SQ006],potential_application_other,G05Q09,9,5,AI IN THE FUTURE OF BUSINESS,multiple-response option flag,SQ006,Altul (vă rugăm să specificați),Other (please specify),"În ce aplicații AI vedeți cel mai mare potențial pentru valoare adăugată în afaceri? Context: AI are multiple aplicații care pot transforma operațiunile de afaceri. Unele domenii, cum ar fi automatizarea proceselor sau chatboții în serviciile pentru clienți, pot oferi beneficii imediate. Altele, cum ar fi analizele AI, pot crea avantaje competitive pe termen lung. Oportunități: Aplicațiile AI bine direcționate pot aduce îmbunătățiri operaționale semnificative și economii de costuri. Provocări: Investițiile greșit direcționate în AI pot conduce la rezultate sub așteptări (ex. .construirea unor solutii ""in-house"" vs integrarea unor soluții ""la cheie"") Se pot alege mai multe răspunsuri: [Altul (vă rugăm să specificați)]",multiple-response checklist with selected-option comments,nominal multiple-response checklist,binary coded text,1 = selected; 0 = not selected; blank = no stored value,"for complete rows, 0 means not selected; blank requires case-flow review",250,212,2,Not reported,Perceived opportunities,public instrument documentation; no respondent values
89,G05Q09[SQ006comment],potential_application_other_comment,G05Q09,9,5,AI IN THE FUTURE OF BUSINESS,free-text or comment field,,,,"În ce aplicații AI vedeți cel mai mare potențial pentru valoare adăugată în afaceri? Context: AI are multiple aplicații care pot transforma operațiunile de afaceri. Unele domenii, cum ar fi automatizarea proceselor sau chatboții în serviciile pentru clienți, pot oferi beneficii imediate. Altele, cum ar fi analizele AI, pot crea avantaje competitive pe termen lung. Oportunități: Aplicațiile AI bine direcționate pot aduce îmbunătățiri operaționale semnificative și economii de costuri. Provocări: Investițiile greșit direcționate în AI pot conduce la rezultate sub așteptări (ex. .construirea unor solutii ""in-house"" vs integrarea unor soluții ""la cheie"") Se pot alege mai multe răspunsuri: [Altul (vă rugăm să specificați)][Comentariu]",multiple-response checklist with selected-option comments,nominal multiple-response checklist,UTF-8 text,,blank = no comment or open-text response recorded,90,75,90,Not reported,Perceived opportunities,"manual disclosure review, redaction, language identification and translation required"
90,G05Q10,expected_economic_growth_effect,G05Q10,10,5,AI IN THE FUTURE OF BUSINESS,single-choice structured response,,,,"Credeți că AI ar putea duce la o creștere economică explozivă, depășind limitele tradiționale (max 12% GDP)? Context: Unii teoreticieni susțin că AI, prin reducerea costurilor marginale și automatizarea forței de muncă, ar putea stimula o creștere economică fără precedent. Totuși, limitările fizice și reglementările ar putea tempera această creștere. Oportunități: Teoretic, AI poate spori productivitatea și output-ul economic. Provocări: Constrângerile practice pot limita potențialul de creștere exponențială.",single choice with a global explanatory comment,ordered expectation item with ambiguous benchmark,categorical code stored as text,"AO01 = Yes, AI could generate unprecedented economic growth | AO02 = AI will stimulate growth, but within traditional limits | AO03 = The effect of AI will be moderate because of existing constraints | AO04 = AI will have little effect on long-term economic growth | AO05 = I hold a somewhat different view (please specify)",blank = no category recorded,247,212,5,Not reported,Speculative macroeconomic expectation,public instrument documentation; no respondent values
91,G05Q10[comment],expected_economic_growth_effect_comment,G05Q10,10,5,AI IN THE FUTURE OF BUSINESS,free-text or comment field,,,,"Credeți că AI ar putea duce la o creștere economică explozivă, depășind limitele tradiționale (max 12% GDP)? Context: Unii teoreticieni susțin că AI, prin reducerea costurilor marginale și automatizarea forței de muncă, ar putea stimula o creștere economică fără precedent. Totuși, limitările fizice și reglementările ar putea tempera această creștere. Oportunități: Teoretic, AI poate spori productivitatea și output-ul economic. Provocări: Constrângerile practice pot limita potențialul de creștere exponențială. [Comentariu]",single choice with a global explanatory comment,ordered expectation item with ambiguous benchmark,UTF-8 text,,blank = no comment or open-text response recorded,231,201,231,Not reported,Speculative macroeconomic expectation,"manual disclosure review, redaction, language identification and translation required"
92,G06Q11,ai_regulation_preference,G06Q11,11,6,REGULATION AND ETHICAL CONSIDERATIONS CONCERNING AI,single-choice structured response,,,,"Credeți că AI ar trebui să fie mai bine reglementată pentru a preveni riscurile economice și etice? Context: Există dezbateri privind nivelul optim de reglementare AI. Reglementările stricte pot fi preponderent etice, pot preveni deciziile părtinitoare și chiar pot proteja locurile de muncă. Dar dacă aceste reglementări devin excesive pot împiedica inovația și competitivitatea. Oportunități: Reglementările stricte pot spori încrederea publică și preveni abuzurile. Provocări: Suprareglementarea poate încetini inovația și reduce avantajul competitiv.",single choice with a global explanatory comment,categorical regulatory-preference item,categorical code stored as text,AO01 = AI requires stricter regulation to ensure ethical use | AO02 = Existing regulation is sufficient | AO03 = AI should be deregulated to promote innovation | AO04 = Not sure,blank = no category recorded,246,212,4,Used for descriptive reporting,"Preference, not policy effectiveness",public instrument documentation; no respondent values
93,G06Q11[comment],ai_regulation_preference_comment,G06Q11,11,6,REGULATION AND ETHICAL CONSIDERATIONS CONCERNING AI,free-text or comment field,,,,"Credeți că AI ar trebui să fie mai bine reglementată pentru a preveni riscurile economice și etice? Context: Există dezbateri privind nivelul optim de reglementare AI. Reglementările stricte pot fi preponderent etice, pot preveni deciziile părtinitoare și chiar pot proteja locurile de muncă. Dar dacă aceste reglementări devin excesive pot împiedica inovația și competitivitatea. Oportunități: Reglementările stricte pot spori încrederea publică și preveni abuzurile. Provocări: Suprareglementarea poate încetini inovația și reduce avantajul competitiv. [Comentariu]",single choice with a global explanatory comment,categorical regulatory-preference item,UTF-8 text,,blank = no comment or open-text response recorded,231,202,231,Used for descriptive reporting,"Preference, not policy effectiveness","manual disclosure review, redaction, language identification and translation required"
94,G01Q12,primary_ethical_concern,G01Q12,12,6,REGULATION AND ETHICAL CONSIDERATIONS CONCERNING AI,single-choice structured response,,,,"Care este cea mai mare îngrijorare legată de etică în privința utilizării AI în afaceri? Context: AI poate optimiza operațiunile, dar ridică probleme etice, cum ar fi favorizarea nejustificată a unor grupuri de clienți/furnizori, încălcarea confidențialității și pierderea locurilor de muncă. Identificarea principalelor preocupări etice ajută la orientarea discuțiilor de politică și a strategiilor corporative pentru o utilizare responsabilă și echitabilă a soluțiilor AI. Oportunități: Identificarea problemelor etice stimulează dezvoltarea de măsuri de protecție și bune practici. Provocări: Riscurile etice pot fi complexe și dificil de gestionat în totalitate.",single choice with a global explanatory comment,nominal categorical item,categorical code stored as text,"AO01 = Bias and discrimination in AI | AO02 = Privacy infringement, for example AI-enabled surveillance | AO03 = Job losses | AO04 = Concentration of AI control among large corporations | AO05 = Other (please specify)",blank = no category recorded,241,212,5,Not reported,Single item,public instrument documentation; no respondent values
95,G01Q12[comment],primary_ethical_concern_comment,G01Q12,12,6,REGULATION AND ETHICAL CONSIDERATIONS CONCERNING AI,free-text or comment field,,,,"Care este cea mai mare îngrijorare legată de etică în privința utilizării AI în afaceri? Context: AI poate optimiza operațiunile, dar ridică probleme etice, cum ar fi favorizarea nejustificată a unor grupuri de clienți/furnizori, încălcarea confidențialității și pierderea locurilor de muncă. Identificarea principalelor preocupări etice ajută la orientarea discuțiilor de politică și a strategiilor corporative pentru o utilizare responsabilă și echitabilă a soluțiilor AI. Oportunități: Identificarea problemelor etice stimulează dezvoltarea de măsuri de protecție și bune practici. Provocări: Riscurile etice pot fi complexe și dificil de gestionat în totalitate. [Comentariu]",single choice with a global explanatory comment,nominal categorical item,UTF-8 text,,blank = no comment or open-text response recorded,226,200,226,Not reported,Single item,"manual disclosure review, redaction, language identification and translation required"
96,G01Q13,perceived_romania_ai_competitiveness,G01Q13,13,7,AI IN THE CONTEXT OF GLOBAL COMPETITIVENESS,single-choice structured response,,,,"Cât de competitivă credeți că este România în adoptarea AI comparativ cu alte țări europene? Context: Această întrebare evaluează poziția României în peisajul AI european. România are un sector IT puternic, însă nivelurile de adoptare AI pot varia. Compararea cu țări precum Germania sau Franța poate ajuta la formularea unei strategii naționale și la identificarea domeniilor de îmbunătățire. Oportunități: Recunoașterea decalajelor competitive poate stimula decizii de politică și investiții țintite. Provocări: Percepțiile pot fi subiective și pot varia în funcție de informațiile disponibile.",single choice with a global explanatory comment,ordinal perception item,categorical code stored as text,AO01 = Romania is highly competitive in AI adoption | AO02 = Romania is moderately competitive and therefore requires greater private investment in this field | AO03 = Romania is lagging in AI adoption | AO04 = Not sure,blank = no category recorded,239,212,4,Not reported,"Perception, not objective national performance",public instrument documentation; no respondent values
97,G01Q13[comment],perceived_romania_ai_competitiveness_comment,G01Q13,13,7,AI IN THE CONTEXT OF GLOBAL COMPETITIVENESS,free-text or comment field,,,,"Cât de competitivă credeți că este România în adoptarea AI comparativ cu alte țări europene? Context: Această întrebare evaluează poziția României în peisajul AI european. România are un sector IT puternic, însă nivelurile de adoptare AI pot varia. Compararea cu țări precum Germania sau Franța poate ajuta la formularea unei strategii naționale și la identificarea domeniilor de îmbunătățire. Oportunități: Recunoașterea decalajelor competitive poate stimula decizii de politică și investiții țintite. Provocări: Percepțiile pot fi subiective și pot varia în funcție de informațiile disponibile. [Comentariu]",single choice with a global explanatory comment,ordinal perception item,UTF-8 text,,blank = no comment or open-text response recorded,226,202,226,Not reported,"Perception, not objective national performance","manual disclosure review, redaction, language identification and translation required"
98,G07Q14,preferred_romania_ai_positioning,G07Q14,14,7,AI IN THE CONTEXT OF GLOBAL COMPETITIVENESS,single-choice structured response,,,,"Cum ar trebui să se poziționeze România pe piața globală AI? Context: Țările adoptă strategii diferite în domeniul AI: unele se concentrează pe cercetare și dezvoltare, altele pe reglementări sau altele pe promovarea industriilor bazate pe AI. Această întrebare urmărește să capteze opinia dvs. despre calea strategică optimă pentru ca România să devină competitivă pe plan global. Oportunități: O strategie clară poate atrage investiții și stimula un ecosistem de inovație. Provocări: O abordare prea concentrată poate limita diversificarea oportunităților.",single choice with a global explanatory comment,nominal strategic-preference item,categorical code stored as text,"AO01 = Concentrate investment on AI research and development | AO02 = Concentrate efforts on becoming a centre for AI regulation and ethics | AO03 = Concentrate investment in industries that rely somewhat less on AI solutions, for example manufacturing, logistics and agriculture | AO04 = Other (please specify)",blank = no category recorded,238,212,4,Not reported,Normative preference,public instrument documentation; no respondent values
99,G07Q14[comment],preferred_romania_ai_positioning_comment,G07Q14,14,7,AI IN THE CONTEXT OF GLOBAL COMPETITIVENESS,free-text or comment field,,,,"Cum ar trebui să se poziționeze România pe piața globală AI? Context: Țările adoptă strategii diferite în domeniul AI: unele se concentrează pe cercetare și dezvoltare, altele pe reglementări sau altele pe promovarea industriilor bazate pe AI. Această întrebare urmărește să capteze opinia dvs. despre calea strategică optimă pentru ca România să devină competitivă pe plan global. Oportunități: O strategie clară poate atrage investiții și stimula un ecosistem de inovație. Provocări: O abordare prea concentrată poate limita diversificarea oportunităților. [Comentariu]",single choice with a global explanatory comment,nominal strategic-preference item,UTF-8 text,,blank = no comment or open-text response recorded,225,202,225,Not reported,Normative preference,"manual disclosure review, redaction, language identification and translation required"
100,G08Q15,environmental_impact_concern,G08Q15,15,8,AI: EMERGING TOPICS AND STRATEGIC PERSPECTIVES,single-choice structured response,,,,"Cum evaluați impactul tehnologiilor AI adoptate de compania dvs (sau în curs de adoptare) asupra mediului? Context: Adoptarea AI transformă operațiunile, însă are și consecințe asupra mediului. Consumul de energie, deșeurile electronice și emisiile de carbon asociate centrelor de date și hardware-ului pot fi semnificative. Ne interesează să aflăm cum iau în calcul companiile aspectele de sustenabilitate în strategia lor AI. Provocări: Punerea accentului pe sustenabilitate poate conduce la practici AI ecologice și la reducerea riscurilor pe termen lung. Dezavantaje: Un accent excesiv pe impactul asupra mediului, poate diminua focusul asupra altor beneficii operaționale imediate.",single choice with a global explanatory comment,ordinal concern item,categorical code stored as text,AO01 = Not very concerned - sustainability is not currently a priority because AI services are outsourced | AO02 = Moderately concerned - we are evaluating options | AO03 = Very concerned - we have sustainability initiatives | AO04 = Not sure,blank = no category recorded,235,212,4,Not reported,Perceived rather than measured impact,public instrument documentation; no respondent values
101,G08Q15[comment],environmental_impact_concern_comment,G08Q15,15,8,AI: EMERGING TOPICS AND STRATEGIC PERSPECTIVES,free-text or comment field,,,,"Cum evaluați impactul tehnologiilor AI adoptate de compania dvs (sau în curs de adoptare) asupra mediului? Context: Adoptarea AI transformă operațiunile, însă are și consecințe asupra mediului. Consumul de energie, deșeurile electronice și emisiile de carbon asociate centrelor de date și hardware-ului pot fi semnificative. Ne interesează să aflăm cum iau în calcul companiile aspectele de sustenabilitate în strategia lor AI. Provocări: Punerea accentului pe sustenabilitate poate conduce la practici AI ecologice și la reducerea riscurilor pe termen lung. Dezavantaje: Un accent excesiv pe impactul asupra mediului, poate diminua focusul asupra altor beneficii operaționale imediate. [Comentariu]",single choice with a global explanatory comment,ordinal concern item,UTF-8 text,,blank = no comment or open-text response recorded,224,202,224,Not reported,Perceived rather than measured impact,"manual disclosure review, redaction, language identification and translation required"
102,G01Q16,government_support_importance,G01Q16,16,8,AI: EMERGING TOPICS AND STRATEGIC PERSPECTIVES,single-choice structured response,,,,"Ce rol credeți că ar trebui să aibă stimulentele și sprijinul guvernamental în accelerarea adoptării AI în domeniul dvs.? Context: Politicile guvernamentale (stimulente fiscale, subvenții, “sandbox-uri reglementare”) pot influența semnificativ viteza și eficiența adoptării AI de către companii. Această întrebare urmărește să clarifice cât de important consideră liderii de afaceri sprijinul public în procesul de integrare a AI. Oportunități: Aprecierea sprijinului guvernamental poate stimula politici publice favorabile, facilitând inovarea. Provocări: Dependența excesivă de sprijinul public poate crea așteptări nerealiste și poate încetini inovația în sectorul privat.",single choice with a global explanatory comment,ordinal importance item,categorical code stored as text,"AO01 = Very important - government support is essential | AO02 = Moderately important - useful, but not decisive | AO03 = Not important - the private sector should lead the AI adoption model | AO04 = Not sure",blank = no category recorded,232,212,4,Used for descriptive reporting,Does not identify specific policy instruments,public instrument documentation; no respondent values
103,G01Q16[comment],government_support_importance_comment,G01Q16,16,8,AI: EMERGING TOPICS AND STRATEGIC PERSPECTIVES,free-text or comment field,,,,"Ce rol credeți că ar trebui să aibă stimulentele și sprijinul guvernamental în accelerarea adoptării AI în domeniul dvs.? Context: Politicile guvernamentale (stimulente fiscale, subvenții, “sandbox-uri reglementare”) pot influența semnificativ viteza și eficiența adoptării AI de către companii. Această întrebare urmărește să clarifice cât de important consideră liderii de afaceri sprijinul public în procesul de integrare a AI. Oportunități: Aprecierea sprijinului guvernamental poate stimula politici publice favorabile, facilitând inovarea. Provocări: Dependența excesivă de sprijinul public poate crea așteptări nerealiste și poate încetini inovația în sectorul privat. [Comentariu]",single choice with a global explanatory comment,ordinal importance item,UTF-8 text,,blank = no comment or open-text response recorded,221,203,221,Used for descriptive reporting,Does not identify specific policy instruments,"manual disclosure review, redaction, language identification and translation required"
104,G01Q17,expected_business_model_change,G01Q17,17,8,AI: EMERGING TOPICS AND STRATEGIC PERSPECTIVES,single-choice structured response,,,,"Cum credeți că se va schimba modelul de afaceri al companiei dvs. pe măsură ce integrarea AI se va accentua în următorii cinci ani? Context: AI are potențialul de a transforma radical modelele de afaceri, trecând de la abordări tradiționale bazate pe produse sau servicii la modele bazate pe date și platforme. Dorim să aflăm ce așteptări aveți privind schimbările în crearea plus-valorii, în fluxurile de venituri și în structura operațională. Oportunități: Planificarea schimbărilor modelului de afaceri poate asigura un avantaj competitiv pe termen lung. Provocări: Schimbările radicale pot implica riscuri mari și investiții semnificative, provocând perturbări majore pe termen scurt.",single choice with a global explanatory comment,ordinal expected-change item,categorical code stored as text,"AO01 = Major transformation - we expect a comprehensive revision of the business model | AO02 = Moderate change - the business model will evolve, but its core elements will remain the same | AO03 = Minor adjustments - we expect only limited changes",blank = no category recorded,229,212,3,Not reported,"Expectation, not observed restructuring",public instrument documentation; no respondent values
105,G01Q17[comment],expected_business_model_change_comment,G01Q17,17,8,AI: EMERGING TOPICS AND STRATEGIC PERSPECTIVES,free-text or comment field,,,,"Cum credeți că se va schimba modelul de afaceri al companiei dvs. pe măsură ce integrarea AI se va accentua în următorii cinci ani? Context: AI are potențialul de a transforma radical modelele de afaceri, trecând de la abordări tradiționale bazate pe produse sau servicii la modele bazate pe date și platforme. Dorim să aflăm ce așteptări aveți privind schimbările în crearea plus-valorii, în fluxurile de venituri și în structura operațională. Oportunități: Planificarea schimbărilor modelului de afaceri poate asigura un avantaj competitiv pe termen lung. Provocări: Schimbările radicale pot implica riscuri mari și investiții semnificative, provocând perturbări majore pe termen scurt. [Comentariu]",single choice with a global explanatory comment,ordinal expected-change item,UTF-8 text,,blank = no comment or open-text response recorded,218,203,218,Not reported,"Expectation, not observed restructuring","manual disclosure review, redaction, language identification and translation required"
106,G08Q18,expected_future_ai_applications_text,G08Q18,18,8,AI: EMERGING TOPICS AND STRATEGIC PERSPECTIVES,free-text or comment field,,,,"Care noi aplicații sau inovații AI credeți că vor apărea în domeniul dvs. în următorii cinci ani? Context: Peisajul AI evoluează rapid, iar noi aplicații apar continuu. Dorim să aflăm ce tendințe sau inovații considerați că vor fi cele mai promițătoare sau chiar disruptive pentru domeniul dvs. Oportunități: Identificarea tendințelor emergente poate ajuta la pregătirea pentru schimbările de pe piața globală și la gestionarea provocărilor competitive. Provocări: Previziunile sunt, prin natura lor, incerte și pot să nu reflecte evoluțiile reale. Răspuns deschis:",open text,unstructured open text,UTF-8 text,,blank = no comment or open-text response recorded,221,209,221,Excluded,Free text; disclosure risk and no qualitative protocol,"manual disclosure review, redaction, language identification and translation required"
107,G01Q19,roi_measurement_approach,G01Q19,19,8,AI: EMERGING TOPICS AND STRATEGIC PERSPECTIVES,single-choice structured response,,,,"Cum intenționați să măsurați rentabilitatea investiției (ROI) pentru proiectele dvs. legate de AI? Context: Măsurarea ROI pentru inițiativele AI poate fi dificilă din cauza beneficiilor intangibile, cum ar fi creșterea eficienței, îmbunătățirea luării deciziilor și inovația. Abordarea dvs. privind măsurarea ROI ne va ajuta să înțelegem cum evaluează companiile valoarea AI și impactul asupra performanței afacerii. Oportunități: Un cadru clar pentru măsurarea ROI poate susține deciziile strategice și poate justifica investițiile suplimentare în AI. Provocări: Elaborarea unor metrici robuste pentru ROI în AI poate fi dificilă din cauza beneficiilor intangibile și a orizontului pe termen lung. Se pot alege mai multe răspunsuri:",single choice with a global explanatory comment,nominal categorical approach item,categorical code stored as text,"AO01 = Use quantitative metrics, for example cost savings or revenue growth | AO02 = Use qualitative assessments, for example customer satisfaction or process improvement | AO03 = Combine quantitative and qualitative metrics | AO04 = No clear return-on-investment measurement strategy has yet been defined",blank = no category recorded,223,212,4,Not reported,Export structure does not support a multi-response interpretation,public instrument documentation; no respondent values
108,G01Q19[comment],roi_measurement_approach_comment,G01Q19,19,8,AI: EMERGING TOPICS AND STRATEGIC PERSPECTIVES,free-text or comment field,,,,"Cum intenționați să măsurați rentabilitatea investiției (ROI) pentru proiectele dvs. legate de AI? Context: Măsurarea ROI pentru inițiativele AI poate fi dificilă din cauza beneficiilor intangibile, cum ar fi creșterea eficienței, îmbunătățirea luării deciziilor și inovația. Abordarea dvs. privind măsurarea ROI ne va ajuta să înțelegem cum evaluează companiile valoarea AI și impactul asupra performanței afacerii. Oportunități: Un cadru clar pentru măsurarea ROI poate susține deciziile strategice și poate justifica investițiile suplimentare în AI. Provocări: Elaborarea unor metrici robuste pentru ROI în AI poate fi dificilă din cauza beneficiilor intangibile și a orizontului pe termen lung. Se pot alege mai multe răspunsuri: [Comentariu]",single choice with a global explanatory comment,nominal categorical approach item,UTF-8 text,,blank = no comment or open-text response recorded,214,203,214,Not reported,Export structure does not support a multi-response interpretation,"manual disclosure review, redaction, language identification and translation required"
109,G01Q20,final_comments_text,G01Q20,20,9,FINAL CONSIDERATIONS,free-text or comment field,,,,"Comentarii finale și/sau sugestii Context: Vă rugăm să oferiți orice comentarii, sugestii sau observații suplimentare referitoare la impactul AI asupra afacerii dvs. sau a pieței din România. Feedback-ul dvs. este esențial pentru o înțelegere cuprinzătoare a evoluției peisajului AI. Răspuns deschis:",open text,unstructured open text,UTF-8 text,,blank = no comment or open-text response recorded,190,189,190,Excluded,Free text; disclosure risk and no qualitative protocol,"manual disclosure review, redaction, language identification and translation required"
110,interviewtime,timing_total_seconds,,,,,timing or paradata,,,,Timp total,numeric duration in seconds,"paradata, not a substantive survey response",decimal number stored as text,,blank = no stored value or item not reached; interpretation depends on completion status,289,212,280,,,exclude from public microdata by default
111,groupTime8,timing_section_01_company_profile_seconds,,,,,timing or paradata,,,,Timpul grupului: I. PROFILUL COMPANIEI,numeric duration in seconds,"paradata, not a substantive survey response",decimal number stored as text,,blank = no stored value or item not reached; interpretation depends on completion status,0,0,0,,,exclude from public microdata by default
112,Q00Time,timing_q00_seconds,,,,,timing or paradata,,,,Timpul întrebării: Q00,numeric duration in seconds,"paradata, not a substantive survey response",decimal number stored as text,,blank = no stored value or item not reached; interpretation depends on completion status,279,212,272,,,exclude from public microdata by default
113,G01Q02Time,timing_g01q02_seconds,,,,,timing or paradata,,,,Timpul întrebării: G01Q02,numeric duration in seconds,"paradata, not a substantive survey response",decimal number stored as text,,blank = no stored value or item not reached; interpretation depends on completion status,272,212,267,,,exclude from public microdata by default
114,G01Q03Time,timing_g01q03_seconds,,,,,timing or paradata,,,,Timpul întrebării: G01Q03,numeric duration in seconds,"paradata, not a substantive survey response",decimal number stored as text,,blank = no stored value or item not reached; interpretation depends on completion status,270,212,265,,,exclude from public microdata by default
115,groupTime9,timing_section_02_adoption_of_ai_technologies_seconds,,,,,timing or paradata,,,,Timpul grupului: II. ADOPTAREA TEHNOLOGIILOR AI,numeric duration in seconds,"paradata, not a substantive survey response",decimal number stored as text,,blank = no stored value or item not reached; interpretation depends on completion status,0,0,0,,,exclude from public microdata by default
116,G02Q04Time,timing_g02q04_seconds,,,,,timing or paradata,,,,Timpul întrebării: G02Q04,numeric duration in seconds,"paradata, not a substantive survey response",decimal number stored as text,,blank = no stored value or item not reached; interpretation depends on completion status,265,212,260,,,exclude from public microdata by default
117,G01Q05Time,timing_g01q05_seconds,,,,,timing or paradata,,,,Timpul întrebării: G01Q05,numeric duration in seconds,"paradata, not a substantive survey response",decimal number stored as text,,blank = no stored value or item not reached; interpretation depends on completion status,263,212,257,,,exclude from public microdata by default
118,groupTime10,timing_section_03_challenges_in_ai_implementation_seconds,,,,,timing or paradata,,,,Timpul grupului: III. PROVOCĂRI ÎN IMPLEMENTAREA AI,numeric duration in seconds,"paradata, not a substantive survey response",decimal number stored as text,,blank = no stored value or item not reached; interpretation depends on completion status,0,0,0,,,exclude from public microdata by default
119,G01Q06Time,timing_g01q06_seconds,,,,,timing or paradata,,,,Timpul întrebării: G01Q06,numeric duration in seconds,"paradata, not a substantive survey response",decimal number stored as text,,blank = no stored value or item not reached; interpretation depends on completion status,257,212,255,,,exclude from public microdata by default
120,groupTime11,timing_section_04_ai_and_the_impact_on_employment_seconds,,,,,timing or paradata,,,,Timpul grupului: IV. AI ȘI IMPACTUL ASUPRA LOCURILOR DE MUNCĂ,numeric duration in seconds,"paradata, not a substantive survey response",decimal number stored as text,,blank = no stored value or item not reached; interpretation depends on completion status,0,0,0,,,exclude from public microdata by default
121,G01Q07Time,timing_g01q07_seconds,,,,,timing or paradata,,,,Timpul întrebării: G01Q07,numeric duration in seconds,"paradata, not a substantive survey response",decimal number stored as text,,blank = no stored value or item not reached; interpretation depends on completion status,256,212,250,,,exclude from public microdata by default
122,G04Q08Time,timing_g04q08_seconds,,,,,timing or paradata,,,,Timpul întrebării: G04Q08,numeric duration in seconds,"paradata, not a substantive survey response",decimal number stored as text,,blank = no stored value or item not reached; interpretation depends on completion status,253,212,248,,,exclude from public microdata by default
123,groupTime12,timing_section_05_ai_in_the_future_of_business_seconds,,,,,timing or paradata,,,,Timpul grupului: V. AI ÎN VIITORUL AFACERILOR,numeric duration in seconds,"paradata, not a substantive survey response",decimal number stored as text,,blank = no stored value or item not reached; interpretation depends on completion status,0,0,0,,,exclude from public microdata by default
124,G05Q09Time,timing_g05q09_seconds,,,,,timing or paradata,,,,Timpul întrebării: G05Q09,numeric duration in seconds,"paradata, not a substantive survey response",decimal number stored as text,,blank = no stored value or item not reached; interpretation depends on completion status,250,212,243,,,exclude from public microdata by default
125,G05Q10Time,timing_g05q10_seconds,,,,,timing or paradata,,,,Timpul întrebării: G05Q10,numeric duration in seconds,"paradata, not a substantive survey response",decimal number stored as text,,blank = no stored value or item not reached; interpretation depends on completion status,247,212,238,,,exclude from public microdata by default
126,groupTime13,timing_section_06_regulation_and_ethical_considerations_concerning_ai_seconds,,,,,timing or paradata,,,,Timpul grupului: VI. REGLEMENTARI ȘI CONSIDERAȚII ETICE DESPRE AI,numeric duration in seconds,"paradata, not a substantive survey response",decimal number stored as text,,blank = no stored value or item not reached; interpretation depends on completion status,0,0,0,,,exclude from public microdata by default
127,G06Q11Time,timing_g06q11_seconds,,,,,timing or paradata,,,,Timpul întrebării: G06Q11,numeric duration in seconds,"paradata, not a substantive survey response",decimal number stored as text,,blank = no stored value or item not reached; interpretation depends on completion status,246,212,243,,,exclude from public microdata by default
128,G01Q12Time,timing_g01q12_seconds,,,,,timing or paradata,,,,Timpul întrebării: G01Q12,numeric duration in seconds,"paradata, not a substantive survey response",decimal number stored as text,,blank = no stored value or item not reached; interpretation depends on completion status,241,212,235,,,exclude from public microdata by default
129,groupTime14,timing_section_07_ai_in_the_context_of_global_competitiveness_seconds,,,,,timing or paradata,,,,Timpul grupului: VII. AI ÎN CONTEXTUL COMPETITIVITĂȚII GLOBALE,numeric duration in seconds,"paradata, not a substantive survey response",decimal number stored as text,,blank = no stored value or item not reached; interpretation depends on completion status,0,0,0,,,exclude from public microdata by default
130,G01Q13Time,timing_g01q13_seconds,,,,,timing or paradata,,,,Timpul întrebării: G01Q13,numeric duration in seconds,"paradata, not a substantive survey response",decimal number stored as text,,blank = no stored value or item not reached; interpretation depends on completion status,240,212,234,,,exclude from public microdata by default
131,G07Q14Time,timing_g07q14_seconds,,,,,timing or paradata,,,,Timpul întrebării: G07Q14,numeric duration in seconds,"paradata, not a substantive survey response",decimal number stored as text,,blank = no stored value or item not reached; interpretation depends on completion status,238,212,236,,,exclude from public microdata by default
132,groupTime15,timing_section_08_ai_emerging_topics_and_strategic_perspectives_seconds,,,,,timing or paradata,,,,Timpul grupului: VIII. AI: SUBIECTE EMERGENTE & PERSPECTIVE STRATEGICE,numeric duration in seconds,"paradata, not a substantive survey response",decimal number stored as text,,blank = no stored value or item not reached; interpretation depends on completion status,0,0,0,,,exclude from public microdata by default
133,G08Q15Time,timing_g08q15_seconds,,,,,timing or paradata,,,,Timpul întrebării: G08Q15,numeric duration in seconds,"paradata, not a substantive survey response",decimal number stored as text,,blank = no stored value or item not reached; interpretation depends on completion status,237,212,232,,,exclude from public microdata by default
134,G01Q16Time,timing_g01q16_seconds,,,,,timing or paradata,,,,Timpul întrebării: G01Q16,numeric duration in seconds,"paradata, not a substantive survey response",decimal number stored as text,,blank = no stored value or item not reached; interpretation depends on completion status,233,212,230,,,exclude from public microdata by default
135,G01Q17Time,timing_g01q17_seconds,,,,,timing or paradata,,,,Timpul întrebării: G01Q17,numeric duration in seconds,"paradata, not a substantive survey response",decimal number stored as text,,blank = no stored value or item not reached; interpretation depends on completion status,229,212,226,,,exclude from public microdata by default
136,G08Q18Time,timing_g08q18_seconds,,,,,timing or paradata,,,,Timpul întrebării: G08Q18,numeric duration in seconds,"paradata, not a substantive survey response",decimal number stored as text,,blank = no stored value or item not reached; interpretation depends on completion status,225,212,217,,,exclude from public microdata by default
137,G01Q19Time,timing_g01q19_seconds,,,,,timing or paradata,,,,Timpul întrebării: G01Q19,numeric duration in seconds,"paradata, not a substantive survey response",decimal number stored as text,,blank = no stored value or item not reached; interpretation depends on completion status,224,212,216,,,exclude from public microdata by default
138,groupTime16,timing_section_09_final_considerations_seconds,,,,,timing or paradata,,,,Timpul grupului: IX. CONSIDERENTE FINALE,numeric duration in seconds,"paradata, not a substantive survey response",decimal number stored as text,,blank = no stored value or item not reached; interpretation depends on completion status,0,0,0,,,exclude from public microdata by default
139,G01Q20Time,timing_g01q20_seconds,,,,,timing or paradata,,,,Timpul întrebării: G01Q20,numeric duration in seconds,"paradata, not a substantive survey response",decimal number stored as text,,blank = no stored value or item not reached; interpretation depends on completion status,214,212,210,,,exclude from public microdata by default
